1,1,株式会社五幸,3900811,長野県松本市中央２丁目１番２４号,0263-39-8348,,太田　隆治,FALSE
2,1,株式会社　アイシンク,3900846,長野県松本市南原1丁目８番１１号,0263-25-2130,,赤羽　桂,FALSE
3,1,株式会社イーピーイ　松本営業所,3901301,東筑摩郡山形村北野尻8190,0263-92-5900,,,FALSE
4,1,株式会社イヌズカ,3990024,長野県松本市寿小赤258-6,0263-58-1301,,犬塚　義浩,FALSE
5,1,太田屋　松本本店,3900852,長野県松本市島立９６５－１,0263-47-8877,0263-47-8635,岩波　秀樹,FALSE
7,1,上條鋼材　株式会社,3901242,長野県松本市大字和田５５１１番地１４,0263-48-1334,,丸山　隆久,FALSE
8,1,株式会社開運堂,3900811,長野県松本市中央２丁目２番１５号,0263-32-0506,,渡邉　公志郎,FALSE
9,1,ゴルフ　コミュニティ　ウエストピーク,3900221,長野県松本市大字里山辺4318,0263-25-4111,,望月　勝治,FALSE
10,1,中部互光株式会社　長野営業所（松本）,3900815,長野県松本市深志2丁目5番2号　県信松本深志ビル7階,0263-39-3470,0263-39-3473,永田所長,FALSE
11,1,小林軽金属工業株式会社,3998201,長野県安曇野市豊科大字南穂高1083,0263-72-3873,,小林　今朝重,FALSE
13,1,株式会社守谷商会　松本支店,3900847,松本市笹部2丁目1番57号,0263-25-3505,,西澤　治,FALSE
14,1,特別養護老人ホーム常念荘,3998211,長野県安曇市堀金烏川2048番地2,0263-72-3611,0263-72-1128,丸山所長,FALSE
15,1,株式会社しづか,3900874,長野県松本市大手４丁目１０番８号,0263-32-0547,,市東　一也,FALSE
16,1,白百合幼稚園,3990032,長野県松本市芳川村井町サイカチ1383-ロ,0263-86-1084,,田中　茂樹,FALSE
17,1,すがの旅館,3990704,塩尻市広丘郷原1762,0263-52-1285,,百瀬　武人,FALSE
18,1,内湯　滝の湯旅館,3900221,長野県松本市里山辺110番地2号,0263-32-3284,,遠藤　照生,FALSE
19,1,第一貨物株式会社　松本支店,3901242,長野県松本市大字和田7088番地1,0263-40-5070,,遠藤　幸太郎,FALSE
21,1,徳澤園,3990000,長野県松本市安曇島々752,0263-94-2438,0263-94-2059,上條　敏昭,FALSE
22,1,長野県信用保証協会　松本支店,3900852,長野県松本市大字島立976番地1,0263-47-1533,0263-47-4209,伊藤　等,FALSE
24,1,中村製作所株式会社　穂高工場,3998300,長野県安曇野市穂高6783-1,0263-82-7611,,,FALSE
25,1,飯田機械金属工業株式会社,3950041,長野県飯田市中央通り2丁目2番,0265-22-1741,0265-22-1856,,FALSE
26,1,株式会社　平田商会,3950811,長野県飯田市松尾上溝2910番地８,0265-22-5544,,岡島　治,FALSE
29,1,Pensionメープル・リーフ,3998301,安曇野市穂高有明7717,0263-83-3883,,土屋　邦夫,FALSE
30,1,有限会社マル六,3990702,長野県塩尻市広丘野村1654-5,0263-53-2248,,上條　秀夫,FALSE
32,1,株式会社ホタカ壁材,3998304,長野県安曇野市穂高柏原2829番地1,0263-82-5698,,赤羽　文夫,FALSE
33,1,有限会社ホテル雷鳥,3901520,長野県松本市安曇4306番地,0263-93-2746,,梨子田　豊,FALSE
34,1,有限会社ユウキサービス,3900863,長野県松本市白板2-3-31,0263-34-4440,0263-34-4444,杉江　一彦,FALSE
35,1,信濃実業株式会社,3900316,長野県松本市原202-13,0263-46-9250,0263-46-9252,小林,FALSE
39,1,株式会社マルイチマシン,3998301,長野県安曇野市穂高有明2155番地５,0263-83-2497,,菅澤　一隆,FALSE
40,1,松栄株式会社　長野営業所,3900815,長野県松本市深志2丁目5番2号　県信松本深志ビル7階,0263-39-3472,,,FALSE
42,1,安田株式会社　長野支店,3990033,松本市笹賀7815,0263-28-9111,0263-28-9121,永井　洋,FALSE
43,1,医療法人　心泉会,3900823,長野県松本市大字中山7494-8,0263-57-8002,,,FALSE
44,1,社会福祉法人心泉会　ケアハウスローズガーデン,3900823,長野県松本市大字中山７４９４番地１０,0263-86-3820,,,FALSE
45,1,特定非営利活動法人産巣日会,3900221,長野県松本市里山辺1832-2,0263-39-7311,0263-39-7522,藤井公貴,FALSE
46,1,寺崎　要,3990033,松本市大字笹賀5858,0263-26-8826,,寺崎　要,FALSE
47,1,有限会社創生活環境運営グループホームひだまりの里ささが,3990033,長野県松本市笹賀2517-3,0263-85-7114,,伊藤社長,FALSE
48,1,株式会社長野セキノ興産　松本店,3990033,長野県松本市笹賀5652-242,0263-26-6689,,深沢店長,FALSE
49,1,神沢　芳江,3900811,長野県松本市中央１－１３－３,0263-32-0565,,神沢　芳江,FALSE
50,1,宮沢クリニック,3900875,長野県松本市城西1丁目４番５号,0263-32-6548,,宮沢　崇子,FALSE
51,1,株式会社マルゴレーベル,3990005,長野県松本市野溝木工２丁目６番１８号,0263-27-3609,,植田　昌広,FALSE
52,1,ヤンマー農機販売株式会社　甲信支社,3901301,長野県東筑摩郡山形村北野尻８１２９－１,0263-97-3100,,津野　忠之,FALSE
54,1,松本赤十字乳児院,3900312,長野県松本市岡田松岡４９－２,0263-46-4630,,堀内　隆,FALSE
55,1,社会福祉法人　松本市社会福祉協議会,3900833,長野県松本市双葉４－１６,0263-25-3133,0263-27-2239,施設福祉課　高山,FALSE
56,1,株式会社ヨコハマタイヤサービス甲信,3990033,長野県松本市笹賀７９０２番地,0263-25-2992,0263-27-0589,手塚　光一,FALSE
57,1,ホテルモンターニュ松本,,,,,,FALSE
59,1,株式会社ハタ研削,3998300,長野県安曇野市穂高8183-2,0263-82-8300,,西村　茂嗣,FALSE
61,1,株式会社ＩＨＩターボ,3995502,長野県木曽郡大桑村須原1417,0264-55-2255,,今井部長,FALSE
64,1,株式会社　長野第一興商,3900803,長野県松本市元町1丁目８番１０号,0263-36-9797,,深澤　真,FALSE
65,1,社会福祉法人恵和会,3990702,長野県塩尻市広丘野村2146,0263-51-1128,,伊藤　大介,FALSE
66,1,長稱寺　住職　木曽　義淨,3900806,長野県松本市女鳥羽2丁目4番42号,0263-32-5380,,,FALSE
67,1,株式会社マルイチ産商　松本畜産部,3990004,長野県松本市市場10番3号,0263-26-4101,0263-27-1708,,FALSE
68,1,有限会社杢匠,3990003,長野県松本市大字芳川野溝528-2,0263-27-2071,,木戸岡　幸夫,FALSE
70,1,有限会社高美書店,3900811,松本市中央2丁目2番6号,0263-32-0250,,,FALSE
72,1,株式会社ヒューテック,,長野県安曇野市明科光６３４番地１,0263-62-2330,0263-62-4969,内山　明,FALSE
73,1,小沢　保彦,3900311,長野県松本市水汲161,0263-46-7277,,,FALSE
74,1,アルプス運輸建設株式会社,3901243,松本市神林3864-7,0263-26-3771,0263-26-7363,上嶋　金司,FALSE
75,1,木曽電子精密株式会社,3995501,長野県木曽郡大桑村大字殿35-67,0264-55-3393,,場作　春男,FALSE
77,1,株式会社ケーツー,3901301,長野県東筑摩郡山形村8200番地,0263-97-3525,,中村　謙一,FALSE
79,1,株式会社ゆい設備,3990011,長野県松本市寿北5-28-11,0263-85-1723,0263-85-1724,中澤,FALSE
80,1,ゲストハウス・ノーサイド,3998301,長野県安曇野市穂高有明7728-2,0263-83-5522,,田川　理貴,FALSE
81,1,協和工業株式会社　大桑事業所,3995501,長野県木曽郡大桑村大字殿字中尾平35-35,0264-55-3511,,清水　秀男,FALSE
85,1,ドレスアップカンパニー轟,,,,,,FALSE
86,1,ホテルそよ風のメルヘン,3990701,長野県塩尻市大字広丘吉田４０１－３０,0263-57-8500,,洪　　在秀,FALSE
87,1,有限会社中信消防機材販売,,,,,,FALSE
88,1,北沢かほる,3998501,長野県北安曇郡松川村7022-32,0261-62-2223,,北沢かほる,FALSE
89,1,サスナカ通信工業株式会社,3990033,長野県松本市笹賀,0263-86-1520,0263-86-1456,上島部長,FALSE
90,1,松本理容美容専門学校（旧）寮,,,,,,FALSE
92,1,医療法人社団英駿会　大久保クリニック,3900851,長野県松本市島内3533,0263-47-4341,,内川　敬,FALSE
93,1,社団法人安曇野市医師会,3998200,安曇野市豊科4111-1,0263-72-2347,,矢ノ口事務長,FALSE
97,1,有限会社北原商会,3900874,長野県松本市大手４丁目２番２号,0263-34-2820,,北原　嗣正,FALSE
98,1,松塩筑木曽老人福祉施設組合,,,,,,FALSE
99,1,株式会社甲斐実業,3990007,長野県松本市石芝４－２－２,0263-26-8233,0263-26-3379,山本　博子,FALSE
100,1,犬飼　　愛,3900831,長野県松本市井川城１丁目２－４,0263-25-2100,,犬飼　　愛,FALSE
101,1,株式会社エフケーケー,3901131,長野県松本市字今井７２５０番地,0263-86-3700,,福澤　君昭,FALSE
102,1,オーエステック株式会社,3998204,長野県安曇野市豊科高家６５６５番地,0263-73-7557,0263-73-7570,山崎,FALSE
104,1,渓流荘しおり絵,3901514,長野県南安曇郡安曇村沢渡,0263-93-2642,,齋藤　敬一,FALSE
105,1,池田町創造館,,,,,,FALSE
107,1,上條建工,,,,,,FALSE
109,1,城西医療財団　介護老人保健施設　安曇野メディア,3998205,長野県安曇野市豊科5633番地1,0263-73-5800,,縣事務長,FALSE
110,1,長野三菱電機機器販売株式会社,3900863,長野県松本市白板１－７－５,0263-32-6200,0263-32-6006,鷲尾課長,FALSE
111,1,株式会社エイワ　穂高工場,3998302,長野県南安曇郡穂高町北穂高２８３３番１,0263-82-8226,,松岡　直哉,FALSE
112,1,三輪　典正,3990024,長野県松本市寿小赤７６４－１１,0263-86-0795,,三輪　典正,FALSE
113,1,牛伏寺,3990023,長野県松本市内田2573,0263-58-3178,,大谷　秀雄,FALSE
115,1,しなのポリマー株式会社　塩尻工場,3990705,長野県塩尻市大字広丘堅石2146番地5,0263-54-1010,,赤羽　進,FALSE
118,1,千曲総合管財有限会社,3870013,長野県千曲市小島3136,0263-32-9732,,小山,FALSE
119,1,株式会社ロン・都　南松本店,3990014,長野県松本市平田東1-30-2,0263-57-7111,,柳沢　幸三,FALSE
120,1,ホクト産業株式会社　松本支店,3990031,長野県松本市芳川小屋605-3,0263-58-3491,,前田支店長,FALSE
122,1,有限会社信和電設工業,3990005,長野県松本市野溝木工２－４－１９,0263-25-9134,,小林社長,FALSE
124,1,有限会社島々妙鉱温泉,3901401,長野県東筑摩郡波田町３０２３,0263-92-2036,,奥原　達幸,FALSE
126,1,原　寿男,3900821,長野県松本市筑摩２丁目22-13,0263-26-0834,,,FALSE
127,1,ダイワ総業,,,,,,FALSE
129,1,株式会社マル井,3998205,長野県安曇野市豊科4932,0263-72-2562,,井口　俊廣,FALSE
130,1,精神障害者生活訓練施設援護寮アルプスドミトリー,3998201,長野県安曇野市豊科南穂高3046-1,0263-72-6212,,河原　淳史,FALSE
131,1,アトム運輸株式会社,3998204,長野県南安曇郡豊科町高家,0263-71-6060,0263-71-6061,胡桃沢　庄治,FALSE
132,1,医療法人さとう　はーぶの里診療所,3998602,長野県北安曇郡池田町大字会染4855番地1,0261-62-0210,0261-62-0211,佐藤理事長,FALSE
136,1,あすなろ信用組合,3900803,長野県松本市元町3丁目4番45号,0263-35-4177,,,FALSE
137,1,今井医院,3990701,長野県塩尻市大字広丘吉田858,0263-58-1165,,今井　洋輔,FALSE
138,1,株式会社開運堂,3900811,長野県松本市中央２丁目２番１５号,0263-32-0506,,渡邉　公志郎,FALSE
139,1,株式会社開運堂,3900811,長野県松本市中央２丁目２番１５号,0263-32-0506,,渡邉　公志郎,FALSE
140,1,甲信越福山通運株式会社　伊那支店,3994511,長野県上伊那郡南箕輪村字北原1628-462,0265-74-9921,,豊島　弘之,FALSE
141,1,サンニクス株式会社,3901401,長野県東筑摩郡波田町9949番地1,0263-92-2455,0263-92-4260,,FALSE
142,1,宗教法人神宮寺,3900303,長野県松本市浅間温泉3丁目21番1号,0263-46-0096,0263-46-3919,高橋　通方,FALSE
143,1,株式会社たかぎ,3900874,長野県松本市大手3-5-12,0263-32-5337,,高木　健,FALSE
144,1,株式会社デリカ,3901242,長野県松本市大字和田5511-11,0263-48-1184,,,FALSE
145,1,有限会社中谷塗装店,3900837,長野県松本市鎌田１丁目１５番２４号,0263-25-2525,,中谷　寛幸,FALSE
146,1,有限会社信濃クリーナー,3990005,長野県松本市野溝木工１丁目８番３６号,0263-27-2550,,金原　正一,FALSE
147,1,株式会社松本微生物研究所,3901241,長野県松本市新村2904番地,0263-47-2078,,,FALSE
148,1,株式会社鍋屋商店,3900811,長野県松本市中央3-5-8,0263-35-0544,,滝澤　章文,FALSE
149,1,三輪眼科医院,3990007,長野県松本市石芝3-5-3,0263-28-1138,,三輪　正人,FALSE
152,1,株式会社山口特殊印刷,3998102,長野県安曇野市三郷温3669-2,0263-77-6500,,山口　勝,FALSE
153,1,あづみ農業協同組合,3998205,長野県安曇野市豊科4270番地6,0263-77-2342,,二村　恵,FALSE
156,1,山口　勇,3900814,長野県松本市本庄2-1-10,0263-32-6170,,,FALSE
157,1,株式会社シナノ電子技研,3901242,長野県松本市和田5511-6,0263-48-0033,,武田社長,FALSE
158,1,株式会社シナノ電子技研　朝日工場,,,,,,FALSE
159,1,株式会社プラスワン岡谷店,3940083,長野県岡谷市長地柴宮３－３－３８,0266-26-8500,0266-26-8505,海野　一幸,FALSE
160,1,聖南水田協業組合,3997701,長野県東筑摩郡麻績村麻3892-1,,,,FALSE
161,1,ヤンマー農機甲信　南信整備センター,,,,,,FALSE
164,1,社会福祉法人心泉会,3900823,長野県松本市大字中山7494番地10,0263-57-1801,0263-57-1803,,FALSE
166,1,マツノ電器有限会社,3900813,長野県松本市埋橋2-4-10,0263-32-5540,,松野　陞,FALSE
168,1,西耕地町会,,,,,町会長,FALSE
169,1,松本日栄,,,,,,FALSE
170,1,ジャパンオイルネットワーク株式会社,3990004,長野県松本市市場11-28,0263-25-9200,0263-27-3595,大舘主任,FALSE
171,1,バンバ電器店,3995602,長野県木曽郡上松町本町通り,0264-52-2062,,,FALSE
172,1,百瀬　和宏,3998211,長野県安曇野市堀金烏川岩原40-6,0263-73-2287,,,FALSE
174,1,医療法人篠崎医院,,,,,,FALSE
175,1,医療法人医院,,,,,,FALSE
178,1,株式会社フジミヤ,3900851,長野県松本市大字島内4201番地7,0263-47-2238,,,FALSE
180,1,ＡＬＳＯＫ,3810034,長野県長野市高田２５９－２,026-227-0181,026-226-7819,荒井　一明,FALSE
181,1,森永乳業株式会社　松本工場,3900837,長野県松本市鎌田2-1-4,0263-26-0330,,製造課　井上,FALSE
182,1,有限会社上條紙工,3901242,長野県松本市大字和田3967-30,0263-47-7006,0263-47-5535,上條　浩,FALSE
183,1,セコムテクノ上信越,,,,,,FALSE
186,1,ジン・コーポレーション,,,,,,FALSE
188,1,中部互光,,,,,,FALSE
189,1,株式会社ジン・コーポレーション,3900814,長野県松本市本庄１丁目３番１２号,0263-34-0290,0263-34-0281,斉藤常務,FALSE
193,1,株式会社セコニック　安曇野事業所,,,,,,FALSE
198,1,信州消防防災設備協同組合,3900848,長野県松本市両島18番20号,0263-28-3484,0263-28-3499,赤広さん,FALSE
214,1,伊藤内科医院,3900871,松本市桐2丁目2番39号,0263-33-7411,,伊藤　哲朗,FALSE
215,1,内田繊維株式会社,3900813,松本市埋橋1丁目2番5号,0263-32-4404,,内田　正文,FALSE
216,1,魚長鮮魚株式会社,3900874,松本市大手5丁目4番4号,0263-35-4373,,,FALSE
217,1,株式会社遠條商店,3900811,松本市中央2丁目1番18号,,,猿田　弘行,FALSE
218,1,株式会社メディックス昭和　大町工場,3980002,大町市大町6864-2,0261-23-4800,,,FALSE
219,1,松塩筑木曽老人福祉施設組合,3900313,松本市大字岡田下岡田677-1,0263-33-3306,,上條　佳代子,FALSE
221,1,三全精工株式会社,3990704,長野県塩尻市広丘郷原南原1000-3,0263-52-2501,0263-52-6779,,FALSE
224,1,株式会社デイリーはやしや,3901242,長野県松本市大字和田南西原４０１０番地２８,0263-48-1611,,赤羽　真太郎,FALSE
228,1,有限会社塩尻造花,3990714,塩尻市大字堀ノ内1番地14,0263-52-0710,0263-54-2851,西村　岩雄,FALSE
229,1,農事組合法人中信えのき培養センター,3998101,安曇野市三郷明盛4581-1,0263-76-4155,,中村　義明,FALSE
230,1,長野県信用組合　松本南支店,3900847,松本市笹部2丁目1番57号,0263-27-0200,,山崎　武,FALSE
231,1,ニチコン製箔株式会社　大町工場,3980003,大町市社島8224-1,0261-21-3200,,太田,FALSE
233,1,丸山電業株式会社,3900821,松本市筑摩1-2-16,0263-26-4541,0263-26-4118,,FALSE
235,1,株式会社松本日栄,3990005,長野県松本市野溝木工2丁目7番50号,0263-25-8528,0263-28-0424,,FALSE
237,1,有限会社オリオン商事,3990005,長野県松本市野溝木工2丁目7番50号,,,,FALSE
240,1,株式会社ＮＰＩ,3998102,長野県安曇野市三郷温６５５８－１,0263-77-3719,0263-77-6628,鈴木社長,FALSE
241,1,松本流通センター協同組合,3990033,松本市笹賀7600番地20,0263-58-5301,,,FALSE
243,1,株式会社前田製作所　松本営業所,3990005,松本市野溝木工1丁目3番10号,,,,FALSE
245,1,社団法人松本市医師会,3900875,長野県松本市城西2丁目2番7号,0263-32-1631,,,FALSE
247,1,株式会社ユタカ　松本工場,3901242,松本市和田南西原4010番12,0263-48-1001,,岡本　健,FALSE
249,1,筑北村教育委員会,3997601,東筑摩郡筑北村坂北2187,,,,FALSE
250,1,ニッタン株式会社　長野支店,3812215,長野県長野市稲里町中氷鉋１１１７－１,026-283-0567,026-283-0568,長池支店長,FALSE
251,1,寺村　隆典,3900811,松本市中央1丁目10番20号,0263-32-8682,,,FALSE
253,1,株式会社べネフレックス,9330396,富山県高岡市内島3550番地,0766-31-8808,0766-31-8418,管理部　前田　利信,FALSE
256,1,株式会社アイネット,3900842,松本市征矢野1丁目5番46号,0263-28-4000,,赤津　誠内,FALSE
257,1,ガーデンホテル松本,3990032,長野県松本市芳川村井町６９６－２,0263-58-8800,0263-58-8899,北原社長,FALSE
258,1,株式会社ナチュラルファーム,3998101,安曇野市三郷明盛4582,0263-77-7229,,中村　竹治,FALSE
262,1,有限会社大黒青果,3900804,松本市横田4丁目10番3号,0263-33-3224,,伊藤　素雄,FALSE
263,1,サンリン株式会社　穂高支店,3998305,安曇野市穂高牧176番地,0263-83-3409,,山本　洋久,FALSE
264,1,秋吉　塩尻広丘店,3990702,塩尻市広丘野村1645-9,0263-52-6666,,安原　大東,FALSE
266,1,穂高温泉供給株式会社,3998301,安曇野市穂高有明3621番地2,0263-83-2912,,塚田　明弘,FALSE
268,1,社会福祉法人有明会,3998301,長野県安曇野市穂高有明7261-3,0263-83-7735,,三澤理事長,FALSE
270,1,株式会社田内屋,3990033,松本市笹賀7155-1,0263-57-5000,,井上　雄太,FALSE
271,1,株式会社ホテルみふきや,3900811,松本市中央1丁目2番5号,0263-32-0031,,斉藤　信人,FALSE
272,1,新井電気工事株式会社,3950042,飯田市松尾町3丁目15番地,0265-22-3215,,塚平社長,FALSE
274,1,三協電気工業株式会社,3900806,松本市女鳥羽1-8-5,0263-35-3322,0263-35-3323,百瀬常務,FALSE
279,1,あい歯科医院,3900846,松本市南原2丁目1-18,0263-26-3818,,田澤　寛康,FALSE
281,1,株式会社カモシカスポーツ　山の家・松本店（和田）,1690075,東京都新宿区高田馬場4丁目4番11号,03-3371-4333,,,FALSE
282,1,社会福祉法人　てまり,3900832,松本市南松本2丁目2207-11,0263-24-0573,,篠崎　まり子,FALSE
289,1,麻績村社会福祉協議会,3997701,東筑摩郡麻績村麻2827,0263-67-3099,0263-67-3185,江森次長,FALSE
293,1,株式会社オーチャード,3990007,長野県松本市石芝3丁目9番44号,0263-24-2602,,,FALSE
294,1,株式会社ＣＥＮＴＵＲＹ　ＭＡＸＩＭ,3900867,松本市蟻ケ崎台5番2号,0263-32-7623,,金原　昇,FALSE
295,1,株式会社日本興産,3900862,松本市宮渕2丁目6番23号,0263-36-3541,,金原　昇,FALSE
300,1,パナソニック株式会社エコソリューションズ社　松本電材営業所,3990004,松本市市場3-10,0263-27-4501,,沖　洋明,FALSE
301,1,村井バッティングセンター（ノースアルプス）,3990000,長野県松本市芳川村井９５３－１７,0263-57-7714,,百瀬　隆夫,FALSE
302,1,松本金属工業団地事業協同組合,,,,,,FALSE
303,1,株式会社エム・ケー・ケー,,,,,,FALSE
305,1,原こどもクリニック,3900821,松本市筑摩3-7-3,0263-29-1780,,原　洋治,FALSE
306,1,ホテルＫリゾート,,,,,,FALSE
309,1,あずさ電子工業株式会社　梓川工場,3901702,安曇野市梓川梓4759番地,0263-78-7201,,,FALSE
311,1,松商学園高等学校,3900812,松本市県3丁目6番1号,0263-33-1210,,片岡　勉,FALSE
313,1,医療法人芳生会,3901241,松本市大字新村542番1,0263-40-0678,,山田　悦朗,FALSE
315,1,株式会社いとう　松本支店,3990005,長野県松本市野溝木工,0263-26-5900,,,FALSE
316,1,医療法人椎名医院,3990745,塩尻市大門桔梗町14-16,0263-51-2933,,椎名　麻美,FALSE
317,1,西電設工事株式会社,3900312,松本市岡田松岡139番地,0263-46-0815,,久保田次長,FALSE
331,1,有限会社北原商店,,,,,,FALSE
332,1,上條　裕夫,3990014,長野県松本市平田東３－５－２０,0263-58-2450,,上條　裕夫,FALSE
333,1,株式会社エイアンドエフ,3990703,長野県塩尻市広丘高出１６８０,0263-51-6330,0263-51-6323,草間課長,FALSE
335,1,株式会社マツライ,3990001,松本市宮田4番3号,0263-25-1331,,内川　悦子,FALSE
336,1,有限会社信公自動車工業（グリーンオート安曇野）,3998303,安曇野市穂高8415-1,0263-82-2180,0263-82-4966,関谷　博,FALSE
338,1,伊夜比古神社,3998301,長野県安曇野市穂高有明３８５３,0263-83-3246,,萩原　哲郎,FALSE
343,1,北陸コカ・コーラボトリング株式会社,3998720,長野県松本市芳川村井町832-2,0263-58-3221,0263-86-0090,,FALSE
352,1,小谷　俊郎,3900874,松本市大手2丁目3番20号,0263-39-1122,,,FALSE
354,1,山形村,3901301,長野県東筑摩郡山形村2030-1,,,,FALSE
355,1,株式会社長栄　松本支店,3900874,松本市大手3丁目1番1号,0263-33-1580,0263-33-8032,馬場,FALSE
360,1,社会福祉法人 塩尻市社会福祉協議会,3990731,塩尻市大門六番町４番６号,,,,FALSE
364,1,株式会社小池電機,3901242,松本市大字和田字南西原3967番地19,0263-48-0011,,,FALSE
370,1,長野県安曇養護学校,3998602,北安曇郡池田町会染6113-2,0261-62-4920,,,FALSE
373,1,陽光ビルＭＥ株式会社　長野支社,3900841,松本市渚2-9-38,0263-27-3684,,伊藤さん,FALSE
376,1,株式会社サニウェイ,3800918,長野県長野市アークス1番18号,026-227-3344,,張替課長,FALSE
377,1,社会福祉法人アルプス福祉会,,,,,,FALSE
378,1,株式会社エステートギャラリー,3900815,長野県松本市深志3-7-17,0263-34-5280,0263-34-5274,真木さん,FALSE
380,1,中村　與志人,3990000,長野県松本市梓川倭１９６０,0263-76-1102,0263-78-3011,中村　與志人,FALSE
381,1,株式会社マルイチ産商　梓川共配センター,3998204,長野県安曇野市豊科町高家2287-10,0263-72-4101,0263-71-4606,島田　徹,FALSE
382,1,長野県警察本部,3800837,長野市大字南長野字幅下692-2,026-233-0110,026-235-3611,生活安全部　地域課　吉岡さん,FALSE
383,1,株式会社テレビ松本ケーブルビジョン,3900221,松本市里山辺3044-1,0263-35-1008,0263-36-4001,白鳥副部長,FALSE
396,1,財団法人　松本ソフト開発センター,3901242,松本市大字和田字南西原4010-27,0263-40-1000,0263-40-1001,辺見さん,FALSE
398,1,松本市社会福祉協議会　梓川地区センター,,,,,,FALSE
402,1,一二三ファーマシー,3900811,松本市中央3丁目1番2号,0263-35-1239,,宮川　幸一郎,FALSE
404,1,フジゲン株式会社,3990014,松本市平田東3丁目3番1号,0263-58-2448,,,FALSE
417,1,新井電気工事,,,,,,FALSE
418,1,松本建設事務所,3900852,松本市大字島立1020,0263-40-1980,,田島さん,FALSE
419,1,株式会社川上屋本店,3900815,松本市深志2丁目4番27号,0263-32-7003,,川上　清,FALSE
423,1,株式会社ＳＹＮＡＸ,3901242,松本市和田南西原3967-29,0263-40-1114,,高橋　満次,FALSE
426,1,オタリ株式会社　松本工場,3998203,安曇野市豊科田沢7039-19,0263-72-3883,,,FALSE
428,1,株式会社諏訪貸家アパートセンター,,,,,,FALSE
431,1,有限会社大下製作所,3990711,塩尻市大字片丘字今泉9828-24,0263-52-4580,,大下　修一,FALSE
433,1,株式会社ＴＢ企画,3901241,松本市新村2910番地,0263-47-1865,,野口　勇,FALSE
435,1,甲斐実業,,,,,,FALSE
436,1,塩澤産婦人科医院,3900875,松本市城西2丁目1番15号,0263-33-4126,,,FALSE
437,1,セントラルパック株式会社,3990033,長野県松本市笹賀5652-52,0263-25-9303,,米山,FALSE
438,1,カワイ精密金属株式会社,3990033,長野県松本市笹賀５６５２番地１１１,0263-27-2277,0263-27-3796,忠地課長,FALSE
449,0,大新東ヒューマンサービス株式会社,3900851,長野県松本市島内３４７９,0263-44-1841,0263-44-1520,花岡　幸人,FALSE
450,0,独立行政法人水資源機構味噌川ダム管理所,3996203,木曽郡木祖村大字小木曽2058-22,0264-36-3111,0264-36-3485,岡田　良典,FALSE
453,0,有明高原寮,3998301,長野県南安曇郡穂高町有明,0263-83-2204,,赤羽さん,FALSE
458,0,長野県松本家畜保健衛生所,3900851,松本市島内西川原6931,0263-47-3223,,羽生　宜弘,FALSE
460,0,長野県畜産試験場,3990711,塩尻市片丘10931-1,0263-52-1188,,,FALSE
461,0,長野県林業大学校,3970002,木曽郡木曽町新開4385-1,0264-23-2321,0264-21-1058,,FALSE
462,0,株式会社松本スイミングセンター,3900851,長野県松本市島内5304-1,0263-47-0370,,,FALSE
463,0,富士建設工業株式会社,9503102,新潟県新潟市島見町3307番地16,025-255-4161,025-255-3301,土田支店長,FALSE
464,0,社会福祉法人　松本市社会福祉協議会　四賀地区センター,3990000,松本市会田1535-1,0263-64-3302,,,FALSE
465,0,長野県松本児童相談所,3990000,松本市波田9986,0263-91-3370,,田中さん,FALSE
468,0,池田町長　勝山　隆之,3998600,長野県北安曇郡池田町,0261-62-5065,,田中　春輝,FALSE
469,0,松川村,,,,,,FALSE
470,0,木曽広域連合,3970001,木曽郡木曽町福島7720,0264-24-3131,0264-24-3132,,FALSE
471,0,木曽地方事務所,3978550,木曽郡木曽町福島2757-1,0264-25-2211,0264-23-2583,地域政策課　松沢さん,FALSE
472,0,有限会社伊勢屋商店,3900811,長野県松本市中央１－２－２３,0263-32-1181,,倉又　裕,FALSE
475,0,雨宝山常光寺,3990711,長野県塩尻市片丘北熊井９０４２,0263-53-3108,,中島　宥性,FALSE
484,0,モンテローザ,,,,,,FALSE
485,0,池田屋製菓,3990033,松本市大字笹賀5441,0263-26-2380,,池田　金光,FALSE
488,0,有限会社丸山菓子舗,3998302,長野県安曇野市穂高北穂高１２,0263-82-7210,,丸山　雅亮,FALSE
489,0,長野県農協直販株式会社,3994511,上伊那郡南箕輪村字沖河原6160-5,0265-74-7100,,山宮調査役,FALSE
492,0,株式会社松田商会,3990033,松本市大字笹賀3044,0263-58-0565,,松田　靖成,FALSE
496,0,中村　栄子,3990032,長野県松本市芳川村井町２５７－６,0263-58-2483,,中村　栄子,FALSE
503,0,桐山えのき茸栽培施設,3997701,東筑摩郡麻績村麻３９５,0263-67-3106,,桐山佳邦,FALSE
507,0,有限会社エヌケーファクトリー,3990702,長野県塩尻市広丘野村１６５６－１,0263-51-6700,,野村　一勝,FALSE
508,0,由比ヶ浜　義人,3900312,松本市岡田松岡181,0263-46-2219,,,FALSE
510,0,株式会社ワールドコンチネンタル,3900867,長野県松本市蟻ケ崎台５番２号,0263-33-8845,,北野　功,FALSE
511,0,長野県立木曽病院,3970001,長野県木曽郡木曽町福島6613-4,0264-22-2703　(内線2215),,事務局総務係　小口さん,FALSE
512,0,株式会社ミツルヤ家具センター,3990005,松本市野溝木工1-7-14,0263-27-5111,,上條　幸一,FALSE
513,0,株式会社アシスト&ソリューション,3990003,松本市芳川野溝1816,0263-25-4030,,古畑社長,FALSE
515,0,医療法人中島医院,3990032,松本市芳川村井町770-1,0263-57-3762,,中島　純一,FALSE
516,0,ヨコタインターナショナル株式会社　松本支店,3990701,塩尻市大字広丘吉田道西700-8,0263-58-1161,,,FALSE
517,0,小梨の湯　笹屋,3990000,松本市安曇白骨4182-1,0263-93-2132,,加藤　光昭,FALSE
518,0,株式会社角藤,3990005,松本市野溝木工1-1-1,0263-25-5520,,小林　和人,FALSE
519,0,有限会社カナツカ,3901243,松本市大字神林1880,0263-86-2727,,二木　百合子,FALSE
520,0,安曇野本多通信工業株式会社,3998301,安曇野市穂高有明1059番地1,0263-83-4776,,柴野　智至,FALSE
521,0,サンリン株式会社　本社,3901301,東筑摩郡山形村字下本郷4082-3,0263-97-3030,,,FALSE
522,0,株式会社マルイチ産商,3812202,長野県長野市市場3-48,026-285-4101,026-285-3401,総務人事部総務チーム　伊藤,FALSE
523,0,エア・ウォーター・マッハ株式会社,3990000,松本市梓川倭4009-1,0263-78-5556,,,FALSE
526,0,学校法人　長野県理容美容学園,3990001,長野県松本市宮田１１番７号,0263-26-2195,,松井　清典,FALSE
527,0,学校法人　長野県理容美容学園,3990001,長野県松本市宮田１１番７号,0263-26-2195,,松井　清典,FALSE
528,0,株式会社金森実業,3900841,松本市渚2-4-5,0263-27-3000,,西場　秀和,FALSE
532,0,株式会社宮本工業所,3900821,松本市筑摩1-1-5,0263-25-0340,,宮本　寛次,FALSE
535,0,社会福祉法人　松本福祉会,3900851,松本市島内4365-2,0263-27-3377,,,FALSE
536,0,社会福祉法人　幸充,3998602,長野県北安曇郡池田町会染１４９８番地１,,,,FALSE
537,0,株式会社東和レジデンス,3980002,長野県大町市大町２９５９－２,0261-22-2199,,河内社長,FALSE
538,0,四柱神社,3900874,松本市大手3-3-20,0263-32-1936,,北沢　道夫,FALSE
539,0,株式会社サイベックコーポレーション,3990704,塩尻市大字広丘郷原字南原1000-15,0263-53-5500,0263-53-5100,,FALSE
540,0,株式会社トーエネック　松本営業所,3990005,松本市野溝木工1-2-5,0263-25-7000,,臼田,FALSE
541,0,アート梱包運輸株式会社　松本営業所,3998204,安曇野市豊科高家138-4,0263-72-8488,,五十嵐　清志,FALSE
542,0,松本中央幼稚園,3900861,松本市蟻ヶ崎4-4-10,0263-36-0737,,佐々木園長,FALSE
544,0,丸山　操,3900806,松本市女鳥羽3-6-10,0263-33-4733,,,FALSE
545,0,朝日食品工業株式会社,3980004,長野県大町市常盤字沓掛9726-2,0261-21-1355,,,FALSE
546,0,有限会社マルダイ電子工業,3990706,塩尻市大字広丘原新田315番地,0263-54-4535,,大槻　和人,FALSE
549,0,医療法人小林医院,3998205,安曇野市豊科4275-7,0263-72-2717,,小林　寛久,FALSE
550,0,有限会社テスコ,3996461,塩尻市宗賀2877,0263-51-0111,,高木　慶治,FALSE
551,0,株式会社長野銀行　高宮支店,3900835,松本市高宮東5-19,0263-26-0680,,,FALSE
553,0,株式会社前田製作所　諏訪営業所,3920012,諏訪市四賀字長池通2979-1,0266-53-2810,,宮坂　弘文,FALSE
554,0,ノセ眼鏡店　松本駅前店,3900811,松本市中央1-3-16,0263-32-9124,,永井　信,FALSE
555,0,ヤヨイ会館,3900861,松本市蟻ケ崎4-4-35,0263-32-1257,,山本　典正,FALSE
557,0,更正保護法人　松本保護会,3900801,松本市美須々7-8,0263-32-2230,,,FALSE
559,0,ホテル　アルファ,3996461,塩尻市宗賀5956-1,0263-54-2400,,宮川　洋寿,FALSE
560,0,株式会社ウイングス,3990723,塩尻市大字旧塩尻1057番地,0263-56-2001,,高間　強,FALSE
562,0,株式会社ぶどうの郷山辺,3900222,松本市大字入山辺1315-2,0263-32-3644,,,FALSE
563,0,株式会社シナノポリ,3812214,長野県長野市稲里町田牧１６０７－５,026-284-3368,,畠山部長,FALSE
564,0,社会福祉法人信濃の郷,3998603,北安曇郡池田町大字中鵜3080,0261-62-6741,,山本さん,FALSE
565,0,株式会社エス・ティ・ヒッツ,3900837,長野県松本市鎌田2丁目8番１２号,0263-27-3173,,篠田　徹,FALSE
566,0,株式会社ヘリテイジ,3998302,安曇野市穂高北穂高2827-18,0263-82-0141,,,FALSE
567,0,学校法人　長野県理容美容学園,3990001,長野県松本市宮田１１番７号,0263-26-2195,,松井　清典,FALSE
568,0,有限会社三河屋,3900811,松本市中央3-8-14,0263-32-0339,,塚田　章夫,FALSE
573,0,有限会社システムプラスワン,3998205,安曇野市豊科5179-1,0263-71-6844,,太田　秀美,FALSE
574,0,株式会社エーワンオートイワセ　松本営業所,3990032,松本市芳川村井町南１－２１－１９,0263-85-3636,,岩瀬社長,FALSE
576,0,ＥＬ・ドラード管理組合,3900841,松本市渚１丁目７番３６号,0263-25-0006,,木村　泰,FALSE
577,0,サンパレス大手管理組合,3900874,松本市大手2丁目4-33,0263-32-1151,,アスピア　相馬課長,FALSE
579,0,有限会社赤羽電気商会,3998205,安曇野市豊科2297,0263-72-2096,0263-72-8225,社長,FALSE
580,0,社会福祉法人松本ハイランド,3901242,松本市大字和田字中沖２２４０－３３,0263-40-3377,,武居事務長,FALSE
581,0,加藤不動産,3900833,松本市双葉9-28,0263-27-2156,0263-27-2156,,FALSE
582,0,ホテル　ウエストサイド,3900816,松本市中条6-5,0263-33-0088,,住村　茂,FALSE
583,0,東京アート株式会社,3998301,安曇野市穂高有明8161-1,0263-83-5100,0263-83-5800,北條,FALSE
584,0,株式会社シンリュウ,3990033,松本市笹賀7600-19,,,宮坂　眞一,FALSE
586,0,株式会社こばやし,3901401,東筑摩郡波田町3000-1,0263-92-5132,,小林　芳明,FALSE
587,0,牛山　育夫,3900821,松本市筑摩１－２９－６,0263-25-4065,,牛山　育夫,FALSE
588,0,竹渕公民館,3990011,松本市寿北13-11-3,0263-58-4238,,長澤　弘,FALSE
589,0,株式会社須澤電気商会,3900802,松本市旭2-11-80,0263-32-8350,0263-36-5234,高砂専務,FALSE
590,0,昭和開発株式会社,3900877,松本市沢村2-15-23,0263-34-1421,0263-34-1494,滝沢　恵美子,FALSE
591,0,久保村　英樹,3900306,松本市南浅間630-6,0263-45-5511,,,FALSE
592,0,有限会社アズミ造園,3998205,安曇野市豊科大字豊科4319,0263-72-2090,0263-73-5070,斉藤　忠重,FALSE
593,0,株式会社市民タイムス　塩尻支社,3990746,塩尻市大門並木町7-5,0263-54-0085,,,FALSE
594,0,フルサト工業株式会社　松本事業所,3998301,安曇野市穂高有明9985-1,0263-83-4821,0263-83-4823,寺田　幾久雄,FALSE
595,0,窪田　正治,3900815,松本市深志1-4-11,0263-32-6246,,,FALSE
596,0,生活訓練施設あかしや,3990032,松本市芳川村井町18番地8,0263-59-6511,,,FALSE
597,0,株式会社日研コンサル,3900841,松本市渚2-5-6,0263-26-6470,,井戸　和則,FALSE
599,0,富士コーポレーション株式会社,3900821,松本市筑摩4丁目6番2号,0263-98-3280,,藤野　優二,FALSE
600,0,富士コーポレーション倉庫,,,,,,FALSE
601,0,株式会社パナホーム東海　中南信支店,3990032,松本市芳川村井町912-1,0263-86-0877,,坂田　敏彦,FALSE
603,0,デイサービスセンターつくしの郷,3990705,塩尻市大字広丘堅石2150番地,0263-54-0294,,上條　通夫,FALSE
605,0,一般社団法人長野県消防設備協会,3800837,長野市大字南長野字幅下692-2,026-234-3218,026-234-5119,,FALSE
606,0,株式会社シード・アドバンス,3990033,松本市大字笹賀5652番地62,0263-27-4474,0263-27-2815,百瀬社長,FALSE
607,0,株式会社開運堂,,,,,,FALSE
611,0,セコムテクノ上信越株式会社,9502032,新潟県新潟市的場流通１丁目１－２,025-269-1232,025-269-4122,大倉支社長,FALSE
612,1,綜合警備保障株式会社　長野支社,3810034,長野県長野市高田２５９－２,026-227-0181,026-226-7819,業務課　土屋課長,FALSE
613,0,福澤商事有限会社,3900863,長野県松本市白板２丁目３番２８号,0263-33-6446,,福澤　君昭,FALSE
614,1,株式会社開運堂　あづみの菓遊庭,3998102,長野県安曇野市三郷村温6956,0263-76-5070,,三枝工場長,FALSE
616,0,丸中運送株式会社,3901401,長野県東筑摩郡波田町１００５３－１,0263-92-3141,,塚原　晴夫,FALSE
620,0,医療法人　篠崎医院,3998204,長野県安曇野市高家5089番地1,0263-71-6311,,,FALSE
621,0,株式会社セコニック　安曇野事業所,3998601,長野県北安曇郡池田町大字池田2714番地,0261-62-9600,,,FALSE
622,0,吉田　孝,3900874,長野県松本市大手２丁目８番５号,,,,FALSE
623,1,ＣＳＫ総合防災株式会社,3990031,長野県松本市芳川小屋北原町500-11,0263-58-5072,0263-5081,清水口　浄,FALSE
624,1,トヨタ部品長野共販株式会社,3990033,長野県松本市笹賀7600－56,0263-86-8013,0263-86-4644,丸山,FALSE
625,0,有限会社　奥澤興産,3900811,長野県松本市中央２－１－２０,0263-32-0573,0263-32-1137,奥澤　信夫,FALSE
626,0,医療法人　心泉会,3990000,長野県松本市村井町西２－１６－１,0263-57-8002,,,FALSE
627,1,医療法人雄久会,3990731,長野県塩尻市大門六番町4番36号,,,,FALSE
628,0,有限会社上條電設,,長野県東筑摩郡大字古見1159,0263-99-3305,,,FALSE
629,0,並柳振興組合,3900825,長野県松本市並柳１－２３－８,0263-25-4955,,小沢　貞司,FALSE
630,0,株式会社環境技術センター,3990033,長野県松本市大字笹賀５６５２番地１６６,0263-27-1606,,勝野　宗一,FALSE
631,1,ホテル　ザ・リゾート,3990701,長野県塩尻市広丘吉田４０１－３０,0263-57-8500,,洪　　在秀,FALSE
632,0,有限会社あづみの会,3998302,長野県安曇野市穂高北穂高１７１６－１,0263-82-3867,,望月社長,FALSE
634,1,ヤンマー農機販売株式会社　南信アグリサポートセンター,3994511,長野県上伊那郡南箕輪村神子柴8288,0265-78-3102,,後藤　俊夫,FALSE
635,0,株式会社ギガ・ジャパン,3990033,長野県松本市大字笹賀７０４８番地,0263-86-5033,0263-86-6399,益山　定雄,FALSE
636,0,信州ナガト観光有限会社,3920015,長野県諏訪市中洲５８８９番地,0266-57-2525,,鳥海　勇,FALSE
637,0,ツクイ中部圏長野エリア,3900831,長野県松本市井川城3-7-40,0263-29-6635,0263-29-6636,清水様,FALSE
638,0,社会福祉法人　平成会,3994602,長野県上伊那郡箕輪町大字東箕輪字北田3296-1,0263-51-6610,0263-53-5828,施設保全部　小尾さん,FALSE
639,1,有限会社創生活環境運営,3990033,長野県松本市笹賀2517-3,0263-26-8332,,伊藤事務長,FALSE
640,1,株式会社イーピーイ松本営業所,3901401,長野県東筑摩郡波田町８４５９－１,0263-92-5900,,堀江　弘泰,FALSE
641,0,株式会社モモセボデー,3990004,長野県松本市市場2番8号,0263-25-8899,,百瀬　修一郎,FALSE
642,0,レンゴー株式会社松本分工場,3901242,長野県松本市大字和田５５１１－８,0263-48-1211,,森井　浩行,FALSE
643,0,ブリーズベイオペレーション株式会社松本シティーホテル,3900815,長野県松本市深志２丁目３－１６,0263-32-8828,,中崎　匡人,FALSE
644,0,ダイナテック株式会社,3901242,長野県松本市和田西原５５１１－５,0263-47-6456,,湯口　是信,FALSE
645,0,社会福祉法人ジェイエー長野会,3900221,長野県松本市里山辺字藤井９１０－１,0263-39-2277,0263-39-2278,川船事務長,FALSE
646,0,株式会社ドガ,3901101,長野県東筑摩郡朝日村西洗馬１４８８,0263-99-3521,0263-99-3599,今野　哲成,FALSE
648,0,社会福祉法人 敬老園,3860027,長野県上田市常磐城２２５６－１,0268-28-1170,0268-28-1172,湯田　英彦,FALSE
649,0,松本市山形村朝日村中学校組合,3900873,長野県松本市丸の内3番7号,0263-34-3000,,松本市契約管財,FALSE
650,0,新井町会,3900221,長野県松本市里山辺新井１７１９－２,,,町会長,FALSE
651,0,松川村役場,3998501,北安曇郡松川村76番地5,0261-62-3111,0261-62-9405,総務課　財政係　白沢,FALSE
652,0,上二子町会,3990033,長野県松本市笹賀４５１０,0263-58-9558,,米山　円司（町会長）58-9558,FALSE
653,0,有限会社安曇野三郷ハイテクファーム,3998101,安曇野市三郷明盛1064-1,0263-77-7155,0263-77-7040,大野田　洋,FALSE
654,0,イオンディライト株式会社,3900842,長野県松本市征矢野２－８－７,0263-27-9558,0263-27-9560,西澤さん,FALSE
655,0,株式会社長野銀行　三郷支店,3998101,安曇野市三郷明盛1077,0263-77-6480,,宮島　賢次,FALSE
658,0,塩尻市役所,3990738,長野県塩尻市大門七番町３番３号,0263-52-0280,内線１３６４,総務　財政課　田下　高秋,FALSE
659,0,松本市上下水道局,3900852,松本市大字島立1490-2,0263-48-6800,,,FALSE
660,0,ニチコン株式会社　穂高工場,3998302,安曇野市穂高北穂高1284-2,0263-82-2510,,,FALSE
661,0,久星食品株式会社,3990033,松本市大字笹賀5950,0263-26-0132,,青柳社長,FALSE
662,0,企業組合Ｖｉｆ穂高,3998301,安曇野市穂高有明7751-1,0263-81-5656,,三澤　恭子,FALSE
664,0,降幡自動車株式会社,3990003,長野県松本市芳川野溝１１４０－３,0263-26-2004,,降幡　正夫,FALSE
665,0,株式会社アイ・ティー・エス　マネジメント,3990701,長野県塩尻市広丘吉田９１４－３７,0263-85-5133,0263-85-5522,杉浦　清三,FALSE
666,0,株式会社セキヤ商事,3900831,長野県松本市井川城２－５－２,0263-29-0700,,関谷　征津子,FALSE
668,0,株式会社タカチホ,3900821,長野県松本市筑摩１－１２－２２,0263-26-8124,,横山　喜晴,FALSE
669,0,株式会社ダイヨー,3990003,長野県松本市芳川野溝５６１－１,0263-24-1777,,中澤　克己,FALSE
670,0,株式会社タイトー,3990014,長野県松本市平田東１－２７－１,0263-58-6234,,辻本　武秀,FALSE
671,0,広仁堂医院,3990702,長野県塩尻市広丘野村１６９３－３,0263-52-1520,,百瀬　篤,FALSE
673,0,南信ヤクルト販売株式会社,3990005,長野県松本市野溝木工１－３－３４,0263-25-8912,,百瀬　善充,FALSE
674,0,電算印刷株式会社,3900821,長野県松本市筑摩１－１１－３０,0263-25-4329,,寺島　敬治,FALSE
675,0,株式会社長野銀行,3900841,長野県松本市渚２－９－３８,0263-27-3311,,金沢　英明,FALSE
676,0,信州額縁株式会社,3990033,長野県松本市笹賀６４９２,0263-25-6377,,田中　庄市,FALSE
678,0,松本牛乳輸送株式会社,3900837,長野県松本市鎌田１－４－３１,0263-25-5827,,百瀬　文男,FALSE
679,0,朝日村役場（教育委員会）,3901102,長野県東筑摩郡朝日村小野沢２９６－５,0263-99-2004,,上條きみおさん,FALSE
680,0,有限会社中信消防機材販売,3990031,長野県松本市芳川小屋北原５００－１１,0263-58-5072,,清水口社長,FALSE
681,0,松本市役所,3900873,松本市丸の内3-7,0263-34-3000,,契約管財課,FALSE
682,0,長野県松本地方事務所,3900852,松本市島立1020,0263-40-1955,0263-47-7821,総務係　井出係長　望月さん,FALSE
683,0,萩原電気株式会社,3990705,長野県塩尻市広丘堅石２１４６－４０,0263-52-0883,0263-52-7149,社長,FALSE
684,0,中部互光株式会社　長野事務所（長野）,3800826,長野県長野市北石堂町１４３７－１４,026-224-2727,026-224-1055,遠藤所長,FALSE
685,0,下押野集会センター,3997104,安曇野市明科七貴5818,,,,FALSE
686,0,株式会社　スドージャム,3990033,松本市笹賀5958番地,0263-26-6815,,飯島さん,FALSE
687,0,株式会社長野銀行　元町支店,3900803,松本市元町2丁目3番1号,0263-32-8877,,土田　雄太,FALSE
689,0,長野県水産試験場,3997102,安曇野市明科中川手2871,0263-62-2281,0263-81-2020,管理部　小林　照秋,FALSE
690,0,長野県松本盲学校,3900802,松本市旭2丁目11番66号,0263-32-1815,,神田林　恵子,FALSE
691,0,長野県上松技術専門校,3995607,木曽郡上松町大字小川3540,0264-52-3330,,大久保　広樹,FALSE
692,0,長野県木曽警察署,3970002,木曽郡木曽町新開2324-1,0264-22-0110,,,FALSE
696,0,美ヶ原温泉旅館協同組合ふれあい山辺館,3900221,長野県松本市里山辺８５－１,0263-35-9076,,柴田　桂吾,FALSE
697,0,株式会社スマイルズ,3900863,長野県松本市白板１－１－１４,0263-32-5858,,津村社長,FALSE
699,0,社会福祉法人アルプス福祉会,3990021,長野県松本市寿豊丘６０９－３０,0263-85-2234,,飯沼　寿太郎,FALSE
701,0,犬飼　富士子,3900811,長野県松本市中央１－２５－１,0263-39-0568,,犬飼　富士子,FALSE
702,0,矢崎　国彦,3900303,長野県松本市浅間温泉１－６－１３,0263-46-1001,,矢崎　国彦,FALSE
703,0,株式会社ヤマサ,3990033,長野県松本市笹賀７６００－２２,0263-86-0015,,青木　憲治,FALSE
704,0,七日市場コミュニティーセンター,3998101,長野県安曇野市三郷明盛５１３２－７,0263-77-6678,,丸山　勝義,FALSE
705,0,昌川　圭漢,3900831,長野県松本市井川城２－７－１４,0263-26-2914,,昌川　圭漢,FALSE
707,0,神山商事合名会社,3990033,長野県松本市笹賀７６００－２５,0263-86-7475,0263-86-7476,神山　英夫,FALSE
708,0,医療法人高山内科医院,3900837,長野県松本市鎌田１－１３－４,0263-25-1090,,高山　博臣,FALSE
709,0,長野県中信電気工事業協同組合,3900813,長野県松本市埋橋２－１３－１１,0263-33-5601,,倉澤　英行,FALSE
712,0,中町（蔵のある）まちづくり推進協議会,3900811,長野県松本市中央２－９－１５,0263-36-3053,,佐々木　一郎,FALSE
713,0,社会福祉法人協立福祉会,3998204,長野県安曇野市豊町高家５２８５－１１,0263-37-5427,,神保美智子（理事長）,FALSE
714,0,丹羽　康平,3900843,長野県松本市高宮南９－１５,0263-25-9768,,丹羽　康平,FALSE
715,0,草深設備設計事務所,3998202,長野県安曇野市豊科光１３４８,0263-73-2995,,草深社長,FALSE
717,0,ライフ井上穂高店,3998302,長野県安曇野市穂高北穂高２９９６－１,0263-82-8211,,原　幸一,FALSE
718,0,温泉ロッジ野麦の里,3900851,長野県松本市島内６４０７,0263-79-2244,,北原　保孝,FALSE
719,0,有限会社シマフードサービス,3990000,松本市梓川梓2659-2,0263-78-3271,,小嶋　しげ子,FALSE
720,0,有限会社神山自動車販売,3990011,長野県松本市寿北５－２３－２５,0263-57-8000,,神山　修,FALSE
721,0,丸山　豪,3900301,長野県松本市稲倉１９５,0263-46-3346,,丸山　豪,FALSE
722,0,赤羽工機有限会社,3990702,長野県塩尻市広丘野村６１－３,0263-52-0996,,中島　芳郎,FALSE
724,0,須沢　浄,3900833,長野県松本市双葉１２－２５,0263-26-8667,,須沢　浄,FALSE
726,0,綿半インテック株式会社,3920022,長野県諏訪市高島４－２０２４－１,0266-57-3357,0266-57-3788,窪田,FALSE
727,0,株式会社松本電業社,3900806,長野県松本市女鳥羽１－４－１９,0263-32-0298,0263-36-0549,倉沢社長,FALSE
728,0,株式会社アイバワークス,3990711,長野県塩尻市片丘９６３７－２,0263-53-3393,,堀内　靖男,FALSE
729,0,株式会社エーアイテック,3901242,長野県松本市和田３９６７－７４,0263-48-1170,,大林　頼彦,FALSE
730,0,益山　茂,3990031,長野県松本市芳川小屋６５０－３５,0263-57-0888,,益山　茂,FALSE
731,0,益山　茂,3990031,長野県松本市芳川小屋６５０－３５,0263-57-0888,,益山　茂,FALSE
732,0,マクサー電機株式会社,3997702,長野県東筑摩郡麻績村日４９３１,0263-67-2246,,市川　聖唯,FALSE
734,0,有限会社明倫堂書店,3900802,長野県松本市旭２－１０－１０,0263-35-4312,,関　公一,FALSE
735,0,有賀　竹文,3900825,長野県松本市並柳１－７－１,0263-25-1901,,有賀　竹文,FALSE
736,0,カイザーベルク穂高,3998301,長野県安曇野市穂高有明７２５２－４,0263-83-6600,0263-83-6601,深堀　哲朗,FALSE
737,0,ホテル　シークレット９,3998303,長野県安曇野市穂高８６２３－１,0263-82-2202,,杉下　宏,FALSE
738,0,三村・渋木眼科医院,3900811,長野県松本市中央３－２－１２,0263-32-7268,,三村　昭平,FALSE
741,0,唐沢整形外科麻酔科医院,3900874,長野県松本市大手１－２－２０,0263-32-2009,,唐沢　善徳,FALSE
742,0,有限会社ナカタ,3900815,長野県松本市深志１－１－２１,0263-32-6474,,中田　尚一,FALSE
743,0,協同組合中央経友会,3998211,長野県安曇野市堀金烏川5064-7,0263-31-5105,0263-71-2091,高木事務局長,FALSE
744,0,アルプスシャツ株式会社　ケータリングサービス,3900874,松本市大手１丁目２番４号,0263-34-1030,,星野　則夫,FALSE
746,0,天理教松本分教会,3900828,長野県松本市庄内２－６－４,0263-25-5133,,神原　光麿,FALSE
747,0,穂高シェルクリエイト株式会社,3998303,長野県安曇野市穂高大字穂高,,,臼井社長,FALSE
748,0,特定非営利活動法人ジョイフル,3990738,長野県塩尻市大門七番町５－１５,0263-51-9088,,山田　利治,FALSE
749,0,社団法人日本駐車場工学研究会,1050003,東京都港区西新橋２－８－１ワカサビル,03-3591-7165,,穴戸さん,FALSE
750,0,丸文通商株式会社　松本支店,3900851,松本市大字島内997-1,0263-40-0068,,こあらさん,FALSE
751,0,株式会社未来経営,3900874,松本市大手4-6-4,0263-32-2002,0263-32-7684,,FALSE
752,0,城西医療財団　介護老人保健施設　白馬メディア,3999211,長野県北安曇郡白馬村神城２２８４４,0261-75-7100,0261-75-7120,施設長　宮城　彰,FALSE
753,0,城西医療財団　白馬　かたくりの郷,3999211,長野県北安曇郡白馬村神城２２８４４,0261-75-7100,0261-75-7120,施設長　宮城　彰,FALSE
754,0,株式会社宮地鐵工所松本工場,3901401,長野県東筑摩郡波田町１９０９番地,0263-92-2525,,矢島,FALSE
755,0,白馬村役場,3999301,長野県北安曇郡白馬村北城7025,0261-72-5000,,,FALSE
757,0,等々力ビル,3900811,長野県松本市中央２－３－２０,0263-39-2150,,等々力　康夫,FALSE
758,0,チサンイン諏訪インター,3920015,長野県諏訪市中洲境通２９３５－２,0266-52-2811,0266-52-2817,鍋田マネージャー,FALSE
759,0,塩尻幼稚園,3990738,長野県塩尻市大門７番町５－２０,0263-52-1893,,相澤　春夫,FALSE
760,0,信州アルピコタクシー株式会社,3900828,長野県松本市庄内２丁目３６３７番地２,0263-27-4747,0263-27-4488,西澤総務部長,FALSE
761,0,株式会社ロッジ幸,3999422,長野県北安曇郡小谷村千国乙２１７－１,0261-83-2611,,竹尾　弘,FALSE
762,0,山岳旅館　いとう,3980002,長野県大町市大町六九町４１５０,0261-22-0487,,伊藤　時,FALSE
763,0,奥白馬高原開発株式会社,3999422,長野県北安曇郡小谷村千国乙７２４６番地,0261-82-2236,,,FALSE
764,0,木曽広域連合環境センター,3995601,木曽郡上松町大字上松ヒケ畑2048番地,0264-52-2530,0264-52-5130,山下さん,FALSE
765,0,農事組合法人筑北きのこ生産組合,3997701,東筑摩郡麻績村麻4714,0263-67-2970,,桐山　佳邦,FALSE
767,0,横内繊維株式会社,3900828,松本市庄内2-2-28,0263-25-2260,,横内　義明,FALSE
768,0,中之郷自治体,,,,,,FALSE
769,0,ヨーケン株式会社,3998305,安曇野市穂高牧179-4,0263-83-7200,,堀内　清永,FALSE
770,0,バンバン松本店,3990031,松本市芳川小屋19-19,0263-86-5331,,藤澤　正之,FALSE
771,0,朝日村役場,3901102,東筑摩郡朝日村大字小野沢296-5,0263-99-2004,,曽根課長,FALSE
772,0,株式会社プラザ安曇野,3998201,安曇野市豊科南穂高5089-1,0263-72-8700,,等々力　一郎,FALSE
773,0,ビレッジ安曇野,3998201,安曇野市豊科南穂高6780番地,0263-72-8568,0263-72-8569,,FALSE
774,0,株式会社トライアン相互,3990704,長野県塩尻市広丘郷原１０１０－１,0263-53-2350,0263-53-2370,徳田社長,FALSE
775,0,島新精工株式会社,3998302,長野県安曇野市穂高北穂高２０４７－４,0263-81-0551,0263-81-0552,望月　皎,FALSE
776,0,安曇精工株式会社,3998302,長野県安曇野市穂高北穂高３０４７番地９,0263-82-3867,,望月　皎,FALSE
777,0,公益財団法人　体力つくり指導協会,3990736,塩尻市大門一番町1番1号,0263-54-3939,,,FALSE
779,0,大阪外国語大学,3999211,長野県北安曇郡白馬村神城２２８９２,0261-72-2227,,矢口　幸利,FALSE
780,0,保科　文人,3990000,松本市安曇4085-75,0263-93-2502,,,FALSE
781,0,酒井産業株式会社,3990700,長野県塩尻市木曽長瀬２３０７－２,0264-34-3323,0264-34-3611,宮坂　泰文（総務・宮原さん）,FALSE
783,0,富士防災設備株式会社,3900864,長野県松本市宮渕本村３－１,0263-36-3050,0263-36-3063,宮澤支社長,FALSE
784,0,株式会社アカダプレーティング,3901243,松本市大字神林7107-56,0263-47-7005,0263-47-7005,赤田,FALSE
785,0,あずみ野河昌,3980002,長野県大町市（大町温泉郷）,0261-22-4800,,水口,FALSE
786,0,株式会社前田製作所　大町店,3980002,長野県大町市大町,0261-22-7270,,北條　義雄,FALSE
787,0,有限会社筒井不動産,3900811,松本市中央4丁目8番31号,0263-32-1779,,筒井　完次,FALSE
789,0,株式会社トーヨータイヤジャパン　松本営業所,3901242,長野県松本市和田南西原３９６７－２６,0263-48-4114,0263-48-4116,望月部長,FALSE
790,0,ミュー　ｍｊｕ：,3990000,松本市梓川倭115-1,0263-78-6711,0263-78-6711,降幡　保,FALSE
791,0,株式会社シセン,3900833,長野県松本市双葉７－２３,0263-26-6569,0263-25-9898,大平常務,FALSE
793,0,大阪教育大学,,,072-978-3310,,川合　信行,FALSE
794,0,国立大学法人東京工業大学,3980001,長野県大町市平１４７７１－１,0261-22-2756,,西沢　久雄,FALSE
795,0,株式会社エイ・エム・ディー,3900821,長野県松本市筑摩４－１３－２６,0263-27-4881,,武田さん,FALSE
796,0,赤帽長野県軽自動車運送共同組合松本支部,3990033,長野県松本市笹賀７８６８,0263-27-1868,,望月さん,FALSE
797,0,望月　重治,3920013,長野県諏訪市沖田町１－２　Ｂ－１０２,090-4944-6793,,望月　重治,FALSE
798,0,宮沢　武男,3990033,長野県松本市笹賀７７１１－１,0263-25-6148,,宮沢　武男,FALSE
799,0,難波卓世　　難波克子,3900804,松本市横田2丁目9-4　ナンバメゾン３０１,0263-77-3293,,難波卓世　　難波克子,FALSE
800,0,株式会社胡桃澤精機,3900827,長野県松本市出川２－１７－１,0263-25-5516,,胡桃澤　正雄,FALSE
802,0,株式会社アリス,3990702,長野県塩尻市広丘野村１０６９－１０,0263-54-3510,,加藤支店長,FALSE
803,0,株式会社滝澤工務店,3901131,長野県松本市今井７１５５－７４,0263-57-2196,0263-86-6123,滝澤部長（女性）,FALSE
804,0,有限会社かがり,3900807,長野県松本市城東２－２－２０,0263-32-1938,,植松　茂夫,FALSE
805,0,株式会社鳥羽洋行,1120005,東京都文京区水道２－８－６,03-3944-4031,,日堂さん,FALSE
807,0,丸伝冷蔵株式会社,3990702,塩尻市大字広丘野村角前工業団地,0263-54-0077,,神保　聡,FALSE
808,0,穂高カントリー株式会社,3998305,安曇野市穂高牧2195,0263-83-2778,,甕　仁志,FALSE
809,0,長野県波田学院,3990000,松本市波田4417,0263-92-2014,0263-92-2196,長澤　章江,FALSE
811,0,有限会社マルフジ,3998602,北安曇郡池田町大字会染5003-11,0261-62-2563,,,FALSE
813,0,有限会社明治不動産,3900812,長野県松本市県１－１６－２,0263-32-4777,0263-32-4784,,FALSE
814,0,（学）松本光明学園,3900806,長野県松本市女鳥羽１－９－１６,0263-33-7763,,北野さん,FALSE
816,0,小料理　寿,3900863,長野県松本市白板１－２－６,0263-33-3009,,御子柴　清明,FALSE
817,0,こうの内科循環器科,3998201,長野県安曇野市豊科南穂高２７１－１０,0263-71-5881,,河野先生,FALSE
818,0,株式会社昭成,,,,,,FALSE
819,0,健明会やざき診療所,,安曇野市明科中川手4085,0263-62-2360,,矢崎吉純,FALSE
820,0,株式会社和幸電機製作所,3990005,長野県松本市野溝木工１－２－４２,0263-25-3868,,後藤　博,FALSE
821,0,田中スチール工業株式会社,3990033,長野県松本市笹賀５６５２－１０４,0263-25-9610,,田中　一也,FALSE
822,0,穂高神社,3998303,長野県安曇野市穂高６０７９,0263-82-2003,,穂高,FALSE
823,0,お食事処あずさ,3990000,長野県松本市芳川村井８８３－８,0263-58-4572,,青柳　哲哉,FALSE
824,0,有限会社山のたこ平,3998301,長野県安曇野市穂高有明８９６９,0263-83-2802,,辻谷　浩一,FALSE
825,0,芽ぐみ野内科胃腸科クリニック,3901401,長野県東筑摩郡波田町９８８０－３,0263-91-1311,,上條　登,FALSE
827,0,専念寺,3998204,長野県安曇野市豊科高家６００３,0263-72-4232,,後藤　智昭,FALSE
828,0,有限会社大王,3998303,安曇野市穂高1692,0263-82-8112,,,FALSE
829,0,有限会社桜家,3900874,長野県松本市大手４－９－１,0263-33-2660,,澤田　宗雄,FALSE
830,0,株式会社エバラ,3990006,松本市野溝西1丁目10-22,0263-25-5840,,江原　久,FALSE
831,0,株式会社信越報知,3990033,松本市笹賀7682-1,0263-25-2311,0263-25-0266,飯沼　文男,FALSE
832,0,そば亭伊藤,3990032,長野県松本市芳川村井町１２０８－２,0263-85-1877,,伊藤　寿朗,FALSE
833,0,パシフィックエース株式会社,3901243,松本市神林字小坂道7107-46,0263-40-2666,0263-40-2444,鈴木　良彦,FALSE
835,0,株式会社あづみアップル,3998201,安曇野市豊科南穂高5567番地5,0263-73-5532,,三澤　三夫,FALSE
836,0,医療法人和合の里小川歯科クリニック,3990001,長野県松本市宮田２４－１,0263-27-6487,0263-27-6497,小川　浩樹,FALSE
837,0,株式会社ちくま,3990032,松本市芳川村井町231番8,0263-58-6655,0263-57-7887,市瀬専務,FALSE
838,0,医療法人　横山医院,3901301,東筑摩郡山形村字中原3916,0263-98-2884,,理事長　横山　健,FALSE
839,0,温泉旅館　岳の屋,3990000,松本市安曇4306,0263-93-2643,,筒木　善一,FALSE
840,0,株式会社シンワ,3990033,松本市笹賀5652-94,0263-25-3766,,中田　満男,FALSE
841,0,医療法人喜生会　塩ノ崎医院,3900825,松本市並柳1-4-8,0263-28-0880,,塩ノ崎　文博,FALSE
842,0,有限会社小野紙器,3990702,塩尻市広丘野村1986,0263-54-4041,,小野　勝史,FALSE
843,0,有限会社一榮,3901243,松本市神林5698-3,0263-86-0161,,新村　榮,FALSE
845,0,社団法人長野県食品衛生協会　松本食品衛生検査所,3900841,松本市渚1丁目7-56,0263-25-1525,,中村　明人,FALSE
846,0,株式会社タツミ亭,3900811,長野県松本市中央１－５－３,0263-32-0941,0263-33-8760,森一,FALSE
847,0,有限会社協伸電業,3900825,長野県松本市並柳４－１４－１８,0263-25-0767,0263-25-2086,百瀬さん,FALSE
850,0,パナソニックコンシューマーマーケティング株式会社,3990011,長野県松本市寿北７－３－１１,0263-58-0073,0263-58-5431,中平センター長,FALSE
853,0,浄土真宗　本願寺派　善福寺,3900815,松本市深志２丁目４－２７,0263-32-6060,,,FALSE
854,0,晴風ビル,,,0263-32-5569,,高井,FALSE
855,0,丸正醸造,3900826,長野県松本市出川町７－７,0263-26-1647,,林　利親,FALSE
856,0,有限会社明朗住宅,3900861,長野県松本市蟻ケ崎６－９－９,0263-33-4008,0263-33-4088,三浦　敏宏,FALSE
857,0,松本スプリング株式会社,3901301,長野県東筑摩郡山形村８２０８－１,0263-97-1600,0263-97-1601,原田社長,FALSE
858,0,株式会社等々力不動産,3998303,長野県安曇野市穂高７５８１－１,0263-82-8610,,等々力　強・充,FALSE
859,0,東本　強,3900846,長野県松本市南原２－２０－８,090-3143-9108,,東本　強,FALSE
861,0,有限会社信興鍍金工業所,3990033,長野県松本市笹賀下二子５６５２－９２,0263-26-9675,,,FALSE
862,0,有限会社永井精機,3901301,長野県東筑摩郡山形村５２７８,0263-98-2566,,永井　博,FALSE
864,0,横内　敏明,3900821,長野県松本市筑摩３－１５－２１,0263-25-2180,,横内　敏明,FALSE
865,0,有限会社シバデン,3900828,長野県松本市庄内３－４－３８,0263-27-6968,,柴田社長,FALSE
866,0,有限会社折協市場店,3990004,松本市市場7-1,0263-26-1014,,,FALSE
868,0,株式会社降旗電業社,3990004,長野県松本市市場３－９,0263-25-6399,0263-26-1592,足助さん,FALSE
870,0,富士電機健康保険組合,3900821,長野県松本市筑摩４－１８－１,0263-25-0129,0263-27-0879,入村さん,FALSE
871,0,有限会社安曇電化センター,3998501,長野県北安曇郡松川村東川原５７２３－３０,0261-62-2142,0261-62-9447,五十嵐社長,FALSE
872,0,麻績村商工会,3997701,東筑摩郡麻績村麻3835-7,0263-67-2146,,,FALSE
873,0,聖高原リゾート株式会社,3997702,東筑摩郡麻績村日3427-4,0263-67-3999,,,FALSE
874,0,大村　育子,3900305,松本市惣社371,0263-35-5576,,,FALSE
875,0,東　正明,3990000,松本市梓川梓3457-1,0263-78-2044,,,FALSE
877,0,株式会社ジー．エフ．エム,1040045,東京都中央区築地３－５－４,03-3549-3745,03-3549-3764,稲葉さん,FALSE
878,0,惣社　小林歯科医院,3900305,長野県松本市惣社５１９,0263-36-5029,,小林　健利,FALSE
880,0,有限会社新生堂,3850053,長野県佐久市野沢６４－３,0267-62-1004,,加納　里江,FALSE
881,0,ゆたかや旅館,3900221,長野県松本市里山辺２７２,0263-32-4107,,小林　喜彦,FALSE
882,0,株式会社穂高観光食品,3998102,長野県安曇野市三郷温２８２４,0263-77-2192,,武居　一夫,FALSE
883,0,マルイチ・ロジスティクス・サービス株式会社,3990033,長野県松本市笹賀７６００－２７,0263-86-6101,,福田さん,FALSE
884,0,株式会社本久　松本支店,3990033,長野県松本市笹賀７６００－５９,0263-57-3151,,高橋　昭彦,FALSE
886,0,株式会社ピボット,3900313,長野県松本市岡田下岡田８７－３,0263-46-5901,,内川　誠一,FALSE
887,0,中華料理あげみ,3998501,長野県北安曇郡松川村緑町１４９１－６,0261-62-3585,,福島　照光,FALSE
888,0,株式会社アルタス,3998211,安曇野市堀金烏川717-1,0263-73-5000,,田中　修一,FALSE
889,0,三菱電機ビルテクノサービス株式会社,3900874,松本市大手3-4-5,0263-33-6010,0263-36-4645,森田　芳郎,FALSE
890,0,株式会社カーローリエ,3998205,安曇野市豊科875-5,0263-72-8080,,恩田　勲,FALSE
891,0,サンリン株式会社　松本支店,3900874,松本市大手1-7-12,0263-35-3030,,犬飼　明,FALSE
892,0,株式会社田中機器製作所,3900851,松本市島内5543,0263-47-2211,,,FALSE
893,0,株式会社長野フジカラー,3990001,松本市宮田5-13,0263-25-0418,,,FALSE
894,0,株式会社中央製作所,3990033,松本市笹賀５６５２－２４,0263-28-7799,,走川　朋子,FALSE
895,0,吉原　儀正,3900804,長野県松本市横田2-3-1,0263-33-2075,,,FALSE
896,0,宗教法人　雲竜寺,3997102,安曇野市明科中川手2642,0263-62-2211,,溝口　英彦,FALSE
897,0,株式会社三興商事,3900811,長野県松本市中央1丁目22-17,0263-33-2424,,,FALSE
900,0,大村　亨男,3900305,長野県松本市惣社３７１,0263-35-5576,,,FALSE
902,0,東京アート株式会社,3998301,長野県安曇野市穂高有明７３７８－６,0263-83-8632,0263-83-5172,園田課長,FALSE
903,0,株式会社あずさ環境保全松本営業所,3900814,長野県松本市本庄１－１－１３（大東ビル４Ｆ）,0263-36-5210,0263-36-5211,佐倉社長,FALSE
905,0,有限会社中部メンテナンス,3998102,長野県安曇野市三郷温２０７０－２,0263-77-3699,,中村　明彦,FALSE
906,0,株式会社長野銀行　芳川支店,3990000,長野県松本市芳川村井７２１－１０,0263-86-0211,0263-86-2242,大和さん,FALSE
908,0,株式会社イー・エム・エンジニアリング,3990000,松本市波田8459-1,0263-91-1236,0263-92-8708,センター長　上條　慶一,FALSE
909,0,深井　久光,3900303,松本市浅間温泉2-2-40,0263-46-1006,,,FALSE
910,0,株式会社求信,3998204,長野県安曇野市豊科高家５２６１－３,0263-72-3277,0263-73-3187,降旗さん（女性）,FALSE
911,0,松林　　廣,3900812,長野県松本市県１－６－３,0263-33-0417,,松林　　廣,FALSE
912,0,株式会社ロイヤルオートサービス,3900828,長野県松本市庄内３－３－１１,0263-24-1000,0263-24-1234,中田さん,FALSE
913,0,林　功,3900821,松本市筑摩2-17-24,0263-25-7821,,,FALSE
914,0,株式会社嶺幸,3990000,長野県松本市五常6384,0263-64-2045,0263-64-3535,桐原様,FALSE
915,0,野村尚法律事務所,3900876,長野県松本市開智２－２－５,0263-36-2271,,小島さん,FALSE
916,0,石原　三郎,3990000,長野県松本市安曇４０９５－５８,0263-93-3380,,石原　三郎,FALSE
918,0,赤羽　範三,3990033,松本市笹賀３５０６－１,0263-57-2268,,,FALSE
920,0,有限会社宮下組,3997701,長野県東筑摩郡麻績村麻４１３８,0263-67-2085,,宮下社長,FALSE
922,0,有限会社　楽市,3994511,長野県上伊那郡南箕輪村鳥居原８２７７－１,0265-73-0084,0265-73-0057,小林統轄部長,FALSE
923,0,株式会社ふくし館,3910211,長野県茅野市湖東７０５０－１,0266-82-1756,0266-73-8335,百瀬　光男,FALSE
924,0,唐沢　美那子（唐沢内科医院奥）,3900875,長野県松本市城西２－２－２６,0263-33-3434,,唐沢　美那子,FALSE
925,0,甲信越福山通運株式会社　松本支店,3901243,長野県松本市神林５８１６－１,0263-86-6200,,,FALSE
926,0,更級ビル,3900807,長野県松本市城東１－３－２５,0263-33-4939,,南澤　満,FALSE
927,0,阿南自動車株式会社　松本支店,3901242,長野県松本市和田４６２０,0263-40-3500,,大場さん,FALSE
928,0,アトランシア有限会社,3990033,長野県松本市笹賀５８８２－２,0263-25-2389,0263-25-6644,林　信秋,FALSE
930,0,阿南自動車株式会社　諏訪営業所,3920015,長野県諏訪市中洲松山５５０２－１８,0266-52-5170,0266-53-3855,平沢,FALSE
931,0,株式会社高原社,3900803,長野県松本市元町１－２－１,0263-32-3015,,赤羽社長,FALSE
932,0,大谷総業運輸倉庫株式会社,3990033,長野県松本市笹賀４０１１－１３,0263-85-6651,0263-85-6652,,FALSE
934,0,住中　政子,3900833,長野県松本市双葉１８－２９,0263-27-2391,,住中　政子,FALSE
936,0,新井　東,3900221,長野県松本市里山辺南小松４３５７,0263-28-9087,,新井　東,FALSE
937,0,鈴木土地建物株式会社,3900806,長野県松本市女鳥羽２－２－２,0263-35-5680,0263-36-3749,鈴木　節子,FALSE
938,0,長照寺,3990033,長野県松本市笹賀神戸３２８４,0263-58-4444,,,FALSE
939,0,百瀬　克子（リカーズモモセ）,3900221,長野県松本市里山辺北小松４１２４－２,0263-35-0507,,百瀬　克子,FALSE
940,0,株式会社木下工業,3995502,長野県木曽郡大桑村須原１２２９－１,0264-55-3111,0264-55-2289,木下社長,FALSE
941,0,降旗　宏行,3990015,長野県松本市平田西１－３－３,0263-25-8777,,降旗　信行,FALSE
942,0,八景山公民館,3990000,長野県松本市梓川上野,0263-78-2596,,丸山　よしき,FALSE
944,0,社会福祉法人　長野県社会福祉事業団　松本ひよこ,3900851,長野県松本市島内８６３－１,0263-47-6916,0263-47-6919,佐藤所長（戸部さん）,FALSE
945,0,塩野崎　巧,3900825,長野県松本市並柳１－２２－１５,0263-25-6878,,塩野崎　巧,FALSE
946,0,宮田中公民館,3990001,長野県松本市宮田２０－１１,0263-26-1276,,原　史朗,FALSE
947,0,稲垣　富士夫,3901401,長野県東筑摩郡波田町１０１９４－１,0263-92-2177,,稲垣　富士夫,FALSE
948,0,株式会社ウィルトス,3900814,長野県松本市本庄１-１-１３,0263-36-2118,0263-36-5211,青山常務,FALSE
949,0,白木　功男,3900221,長野県松本市里山辺下金井１２６７－１,0263-36-0223,,白木　功男,FALSE
950,0,木曽土建工業株式会社,3996203,長野県木曽郡木祖村小木曽１７２－２,0264-36-2555,0264-36-3655,原常務,FALSE
951,0,株式会社印出,3998301,長野県安曇野市穂高有明富田９９７３－１,0263-81-5600,,勝野さん,FALSE
952,0,有限会社マルカマネージメント,3990716,長野県塩尻市桟敷３８４－２,0263-52-7959,,保苅社長,FALSE
953,0,株式会社長野銀行　松本北支店,3900871,長野県松本市桐３－４－６,0263-39-0880,,,FALSE
954,0,株式会社まるたか,3998201,長野県安曇野市豊科南穂高４４２２,0263-73-5200,0263-73-5400,長谷川企画開発室室長,FALSE
955,0,竹村　博文,3900304,長野県松本市大村４１０－１,0263-46-0596,,竹村　博文,FALSE
956,0,小川　孝子,3900843,長野県松本市高宮南６－３７,0263-25-6099,,小川　孝子,FALSE
957,0,株式会社イケタニ,3996101,長野県木曽郡木曽町日義２１９６,0264-26-2306,,池谷　祐司,FALSE
958,0,吉澤　利彦,3900852,長野県松本市島立８４４,0263-47-1491,,吉澤　利彦,FALSE
959,0,平林耳鼻咽喉科医院,3900874,長野県松本市大手３－２－１２,0263-32-1122,0263-35-9028,平林さん,FALSE
960,0,国土交通省北陸地方整備局　松本砂防事務所,3900803,長野県松本市元町１－８－２８,0263-33-1115,0263-33-6086,桜井さん　総務課,FALSE
961,0,株式会社アイダエナジー,3998303,長野県安曇野市穂高５６８４－３,0263-82-2408,,鷲沢,FALSE
962,0,中村　賢,3900803,長野県松本市元町１－７－４,0263-36-2674,,中村　賢,FALSE
963,0,長崎　光伸,3900861,長野県松本市蟻ケ崎１－４－４６,0263-36-1595,,長崎　光伸,FALSE
964,0,女渕砂原公民館,3997701,長野県東筑摩郡麻績村麻２２０,0263-67-3106,,桐山　清登,FALSE
965,0,株式会社エス・アイ・シー,3901301,長野県東筑摩郡山形村２６７４－１,0263-97-1551,,横尾　淳,FALSE
966,0,丑山自動車有限会社,3998101,長野県安曇野市三郷明盛4767-1,0263-76-0055,0263-76-0033,丑山社長,FALSE
967,0,昭和産業株式会社,3990014,長野県松本市平田東１－２７－１,0263-58-5451,0263-58-3984,萩原部長,FALSE
968,0,医療法人品川内科医院,3990033,長野県松本市笹賀５５２６－１２,0263-28-3313,,品川道江,FALSE
969,0,長野県消防防災航空センター,3901132,長野県松本市空港東９０３０,0263-85-5512,0263-85-5513,味岡さん,FALSE
970,0,長野県野菜花き試験場,3996461,長野県塩尻市宗賀１０６６－１,0263-52-1148,,山本さん,FALSE
971,0,株式会社プリオコーポレーション,3730015,群馬県太田市東新町３５４－３,0276-20-5215,0276-20-5220,宮尾マネージャー,FALSE
972,0,長野県立こども病院,3998205,長野県安曇野市豊科３１００,0263-73-6700,,望月さん,FALSE
973,0,有限会社あづみ野食品,3998201,長野県安曇野市豊科南穂高４５６０,0263-71-2600,0263-71-2700,太田部長,FALSE
974,0,株式会社安曇野漬物,3998201,長野県安曇野市豊科南穂高４４２２,0263-73-5900,0263-73-8620,長谷川室長,FALSE
975,0,福山産業株式会社,3900825,長野県松本市並柳３－２２－３５,0263-26-5777,,土肥社長,FALSE
976,0,株式会社関東甲信クボタ,3901242,長野県松本市和田南西原３９６７－８,0263-48-1234,0263-48-1244,総務部　経理課　長島さん,FALSE
977,0,花岡　洋介,3900813,長野県松本市埋橋１－４－１８,0263-32-3463,,花岡　洋介,FALSE
978,0,三栄電気工業有限会社,3900848,長野県松本市両島６－４２,0263-25-7752,0263-27-1302,社長,FALSE
979,0,大嘉産業株式会社,3998304,長野県安曇野市穂高柏原２６９８－１,0263-81-3720,,浅川さん,FALSE
980,0,株式会社芙蓉,3998203,長野県安曇野市豊科田沢８４９４,0263-73-2117,0263-73-2117,桐山総務部長,FALSE
981,0,株式会社コンフォール,3900877,長野県松本市沢村３－４－４７,0263-37-5670,0263-35-3060,泉山課長（岡村さん女性）,FALSE
982,0,飯田木材工業株式会社,3900805,長野県松本市清水２－９－２０,0263-32-1322,,飯田社長,FALSE
983,0,ブリーズベイオペレーション株式会社岡谷セントラルホテル,3940028,長野県岡谷市本町１－４－７,0266-23-2100,,末永支配人,FALSE
984,0,下小俣町会,3990033,長野県松本市笹賀下小俣,090-4215-9102,,会計　柳沢さん,FALSE
985,0,赤津　英尚,3990735,長野県塩尻市大門二番町４－８,0263-52-0195,,赤津　英尚,FALSE
986,0,上杉　孝憲,3990022,長野県松本市松原４７－４,0263-86-6116,0263-86-6078,上杉　孝憲,FALSE
987,0,有限会社広丘商会,3901243,長野県松本市神林１８８０,0263-86-2727,,三代澤　裕,FALSE
988,0,みやばやしこどもクリニック,3900852,長野県松本市島立１７４８－２,0263-40-0208,0263-40-0207,宮林先生（女性）,FALSE
989,0,有限会社ワーク,3901301,長野県東筑摩郡山形村北竹原５６５９－１,0263-98-5501,0263-98-5661,金森さん,FALSE
990,0,有限会社ヤマダドレス,3900811,長野県松本市中央２－５－４,0263-33-8585,,熊谷さん,FALSE
992,0,特定非営利活動法人　峠茶屋,3990000,長野県松本市刈谷原町４６９－１,0263-64-1141,,川久保さん,FALSE
993,0,福田　勝彦,3998204,長野県安曇野市豊科高家６７３８－６,0263-72-4335,,福田　勝彦,FALSE
994,0,藤中産業株式会社,3998204,長野県安曇野市豊科高家２３０３－４,0263-72-2672,,水島社長,FALSE
995,0,とどろき歯科医院,3900303,長野県松本市浅間温泉１－１０－２５,0263-45-1181,0263-45-1183,轟院長,FALSE
996,0,東京アート株式会社,3998301,長野県安曇野市穂高有明７３７８－１,0263-83-8632,0263-83-5172,園田課長,FALSE
997,0,有限会社サンテックシステム,3990011,長野県松本市寿北６－１－１５,0263-58-7575,,中川社長,FALSE
998,0,三浦　亨,3900303,長野県松本市浅間温泉３－１１－３,0263-46-2380,,三浦　亨,FALSE
999,0,テスコム電機株式会社,3900821,長野県松本市筑摩４－１－２０,0263-26-4870,0263-25-0808,工場長,FALSE
1000,0,特定非営利活動法人　ハートラインまつもと,3990011,長野県松本市寿北７－２３－１７,0263-86-8010,0263-86-8010,諏訪主任（女性）,FALSE
1001,0,巣山　修作,3900805,長野県松本市清水２－１１－５３,0263-32-5669,,巣山　修作,FALSE
1002,0,小川　瀇,4670055,愛知県名古屋市瑞穂区中根町９－２,052-831-1162,,小川　瀇,FALSE
1003,0,松塩地区広域施設組合,3900851,長野県松本市島内７５７６－１,0263-47-2079,0263-48-2685,金井補佐,FALSE
1004,0,奥原　和満,3901520,松本市安曇3957-4,0263-93-2540,,奥原　和満,FALSE
1005,0,三才町会,3900821,長野県松本市筑摩３－１５－９,0263-26-8582,,古旗　清　町会長,FALSE
1006,0,百瀬　昭男,3990000,長野県松本市波田１９７６,0263-92-2566,,百瀬　昭男,FALSE
1007,0,こみや歯科医院,3900851,長野県松本市島内４９７－１,0263-47-7717,,野原院長,FALSE
1008,0,有限会社是空,3901401,長野県東筑摩郡波田町５５３０－１１,0263-91-2077,,富田　秀則,FALSE
1009,0,桃昌寺,3990023,松本市大字内田２８７２,,,,FALSE
1010,0,株式会社ダスキン・ナンシン,3900827,長野県松本市出川２－１－１,0263-25-6761,0263-25-3390,宮下社長,FALSE
1011,0,三村　洋,3900876,長野県松本市開智2-9-12,0263-33-1390,,,FALSE
1012,0,株式会社臨空モールド,3901242,長野県松本市和田南西原4010-11,0263-48-2132,,原　広永,FALSE
1013,0,牛場　勝則,3900874,長野県松本市大手４－３－１９,0263-31-5639,090-4845-3616,牛場　勝則,FALSE
1014,0,かみむらクリニック,3990021,長野県松本市寿豊丘一本松５９５－１７,0263-85-7300,,上村先生,FALSE
1015,0,小日向公民館,3900302,松本市三才山９３０,0263-46-1462,,赤羽　今朝男,FALSE
1018,0,吉澤　幸雄,3900852,長野県松本市島立８５９,0263-47-0997,,吉澤　幸雄,FALSE
1019,0,学校法人　才教学園,3990032,長野県松本市芳川村井町８６８－１,0263-58-0311,0263-58-0327,松山教頭・吉沢さん,FALSE
1020,0,株式会社ディバイザー,3990033,長野県松本市笹賀７０７２－６,0263-86-8808,0263-86-8778,佐藤総務部長,FALSE
1021,0,松筑木材協同組合,3900852,長野県松本市島立996番地（松筑建設会館１階）,0263-47-7466,0263-47-7467,財津事務局長,FALSE
1022,0,医療法人　藤森医療財団　藤森病院,3900811,長野県松本市中央２丁目９番８号,0263-33-3672,0263-33-9998,西村事務長・小口課長,FALSE
1023,0,有限会社　安曇野ゴルフ,3998205,長野県安曇野市豊科１０１８番地,0263-72-7575,0263-71-1055,小林社長,FALSE
1024,0,株式会社カンノ,3901242,長野県松本市和田南西原３９６７－４２,0263-47-7558,0263-47-7655,神農工場長,FALSE
1026,0,有限会社合津運輸,3980004,長野県大町市常盤３６７１,0261-22-8341,0261-23-3533,合津社長,FALSE
1027,0,豊倉商事株式会社,3900847,長野県松本市笹部２－２－２２,0263-27-3721,,近藤さん,FALSE
1028,0,ラ・シェネガ,3900874,長野県松本市大手２－２－５,0263-32-2557,0263-32-2510,神山社長,FALSE
1030,0,丸山　知己,3900828,長野県松本市庄内３－５－２,0263-25-4866,,丸山　知己,FALSE
1032,0,株式会社水建,3990033,長野県松本市笹賀７０８５,0263-86-3381,0263-86-3374,百瀬部長,FALSE
1033,0,中信測機株式会社,3900851,長野県松本市島内１６６６－４８９,0263-47-8510,0263-48-0590,青柳常務,FALSE
1034,0,東京アート株式会社,3998501,長野県北安曇郡松川村７０６４番地２００,0263-83-8632,,園田課長,FALSE
1035,0,むすび会　福祉（有）よっこらしょ！,3998205,安曇野市豊科94-1,,,藤井　公貴,FALSE
1036,0,ファインフーズ株式会社,3990000,長野県松本市梓川上野４１７－４,0263-78-6527,0263-78-6528,窪田部長,FALSE
1038,0,株式会社信越リード,3990033,長野県松本市笹賀４３２６,0263-58-9082,,原社長,FALSE
1039,0,輿石　栄一,2740072,千葉県船橋市三山３－４－１９,047-472-1434,,輿石　栄一,FALSE
1040,0,直江　一雄,1410022,東京都品川区東五反田５－６－２１,03-3447-2740,,直江　一雄,FALSE
1041,0,甲　信,3900862,長野県松本市宮渕１－４－４５,0263-32-5113,,小林,FALSE
1042,0,松本ダンススクール,3900862,長野県松本市宮渕１－１－２２,0263-34-4155,,甲信　小林,FALSE
1043,0,アルプスシャツ株式会社,3900813,長野県松本市埋橋１－８－７,0263-32-5445,,所沢さん,FALSE
1044,0,株式会社第一工務店,3990005,長野県松本市野溝木工１－１０－１３,0263-25-5195,0263-25-5305,日詰,FALSE
1045,0,有限会社コサカタイヤ,3990033,長野県松本市笹賀５４６４番地１,0263-25-2313,0263-25-2342,小坂,FALSE
1046,0,昭和電機産業株式会社,3900848,長野県松本市両島７－１０,0263-27-0222,0263-27-0225,吉澤さん,FALSE
1047,0,宗教法人　青原寺,3998301,長野県安曇野市穂高有明３４６１,0263-83-2823,,吉田様（奥さん）,FALSE
1048,0,加藤　武男,3900304,長野県松本市大村２７９,0263-32-1455,,加藤　武男,FALSE
1049,0,神田町会,3900822,長野県松本市神田１－１５－２１,0263-26-9081,,町会長　高橋　正治,FALSE
1050,0,百瀬　隆夫,3900815,長野県松本市深志３－１０－２４,0263-33-0827,,百瀬　隆夫,FALSE
1051,0,穂高養生園,3998301,長野県安曇野市穂高有明７２５８－２０,0263-83-5260,,福田　俊作,FALSE
1053,0,グランドスラム　トレイス,3900842,長野県松本市征矢野１－２－２２,0263-25-0304,0263-25-6422,胡桃沢　武久,FALSE
1054,0,株式会社マスタ,3900812,長野県松本市県１－１６－５,0263-32-1085,,増田　龍美,FALSE
1055,0,あぐりす,3998211,長野県安曇野市堀金烏川５６９６－５,0263-71-1560,0263-71-1577,,FALSE
1056,0,合資会社　昭和製材所,3901401,東筑摩郡波田町９８１７番地５,0263-92-2136,,深澤　優木,FALSE
1057,0,せきクリニック,3900825,長野県松本市並柳２－１３－１,0263-24-0355,0263-24-0366,関　学,FALSE
1058,0,株式会社　銘林　松本営業所,3996461,長野県塩尻市宗賀桔梗ケ原７３－２２９,0263-54-9230,0263-54-9231,中嶋　広行,FALSE
1059,0,松澤工務店株式会社,3900312,長野県松本市岡田松岡３３,0263-46-0527,,松澤さん,FALSE
1060,0,長野県信用保証協会　伊那支店,3960000,長野県伊那市中央４６３４－１,0265-72-6148,0265-72-6150,有賀さん,FALSE
1061,0,新明和工業株式会社,3900843,長野県松本市高宮南７－２０,0263-25-1448,0263-26-0401,上條所長・赤羽さん,FALSE
1063,0,有限会社ザウルス,3900828,長野県松本市庄内３－１０－７,0263-28-6438,,山崎社長,FALSE
1064,0,真宗大谷派　妙勝寺,3900811,長野県松本市中央４－９－１３,0263-32-5453,,石川,FALSE
1065,0,炭火焼肉　太鼓門,3900825,長野県松本市並柳２－１５－２８,0263-24-0558,0263-28-6147,高橋　一郎,FALSE
1067,0,株式会社国吉　松本事業部,3901242,長野県松本市和田４０１０－１１,0263-40-3747,0263-40-3748,平澤さん,FALSE
1068,0,有限会社トリップサービス,3900811,長野県松本市中央２－３－２０トドロキビル１Ｆ,0263-31-6183,,加藤さん,FALSE
1069,0,中條　孝志,3900313,長野県松本市岡田下岡田３９８,0263-36-4725,,中條　孝志,FALSE
1070,0,株式会社　丸五山形食品,3901301,長野県東筑摩郡山形村４７４８,0263-98-2312,0263-98-3011,塩原社長,FALSE
1071,0,株式会社デンセン,3900847,長野県松本市笹部４－１１－９,0263-27-8833,0263-27-8877,徳永くん,FALSE
1072,0,養老乃瀧　筑摩店,3900821,長野県松本市筑摩４－１９－１,0263-25-0238,,三代澤社長,FALSE
1073,0,大堀　茂,3900874,長野県松本市大手１－７－１５,0263-32-0848,,大堀　茂,FALSE
1074,0,株式会社アドヴァンスト・インフォーメイション・デザイン,3991710,長野県松本市梓川倭３８２０番地１,0263-78-8003,,伊藤　覚,FALSE
1075,0,波田２０区町会長,3990000,長野県松本市波田１０３６６,0263-92-3340,,西牧　利次,FALSE
1077,0,有限会社エルファ,3990011,長野県松本市寿北６－１０－３,,,曹　美姫社長,FALSE
1078,0,有限会社旭重機建設,3990033,長野県松本市笹賀５００－１０,0263-86-0123,,社長,FALSE
1079,0,日本スポーツライフ株式会社,3900811,長野県松本市中央１－１９－１５ＰＡＲＫ　ＢＬＤＧ,0263-39-7350,0263-39-7351,芳原社長,FALSE
1080,0,信州レジャー興業株式会社,3998301,長野県安曇野市穂高有明５７１８－９４,0263-83-3490,,新井社長,FALSE
1081,0,東京電力株式会社,3900811,長野県松本市中央４－１－１７,0263-33-0220,0263-34-3696,土木建築グループ　岩垂副長,FALSE
1082,0,長野第一物流株式会社松本営業所,3990000,松本市野溝東１－１－４１,0263-27-1414,,古旗所長,FALSE
1083,0,ＴＯＹ　ＢＯＸ,3900303,長野県松本市浅間温泉１－９－２,0263-46-6398,,小渕所長,FALSE
1084,0,株式会社信州自然食品センター,3998204,長野県安曇野市豊科高家２２８７－１７,0263-72-1935,,,FALSE
1085,0,合資会社三輪不動産,1540011,東京都世田谷区上馬５－２０－１５　４１３号,03-3456-0231,,中田　秀樹,FALSE
1086,0,松塩安筑老人福祉施設組合,3990000,長野県松本市波田６８５７,0263-92-1020,,丸山さん,FALSE
1087,0,米山　満子,3990033,長野県松本市笹賀４１８９,0263-58-8271,,米山　満子,FALSE
1088,0,有限会社鉢伏ファーム,3990012,長野県松本市寿白瀬渕字堤地１３６１－１,0263-86-8433,0263-86-8648,橋倉社長,FALSE
1089,0,横林　弘和,3900842,長野県松本市征矢野２－２－８,0263-25-7615,,横林　弘和,FALSE
1090,0,松本広域森林組合,3998102,長野県安曇野市三郷温4000,0263-77-2413,0263-77-2635,田中課長,FALSE
1091,0,まごのて有限会社,3900807,長野県松本市城東１－６－１８,0263-34-2455,0263-34-2464,郷津先生,FALSE
1093,0,柴田　賢治,3980002,長野県大町市大町１６２７－４,0261-22-2276,,柴田　賢治,FALSE
1095,0,社団法人長野県薬剤師会検査センター,3900802,長野県松本市旭２－１１－２０,0263-32-0276,0263-36-0665,滝澤事業部長,FALSE
1096,0,小澤　喜代登,3900311,長野県松本市水汲１５９,0263-46-0048,,小澤　喜代登,FALSE
1097,0,立沢　紀六,3900312,長野県松本市岡田松岡９９,0263-35-7466,,立沢　紀六,FALSE
1098,0,多田　和男,3900805,長野県松本市清水１－２－１１,0263-38-1539,,多田　和男,FALSE
1099,0,松本市刈谷原町会,3990000,長野県松本市刈谷原町５０９,0263-64-3068,大田町会長,大田町会長,FALSE
1100,0,石挽き十割そば穂高城（エスエフビー）,3998301,長野県安曇野市穂高有明２１７７－２３,0263-84-5100,0263-84-5101,佐野　洋志,FALSE
1101,0,株式会社サンネットワークマエダ,3990006,長野県松本市野溝西３－１３－１７,0263-85-3200,0263-85-3233,宮澤　幸次,FALSE
1102,0,白馬もみの木ホテル,3999300,長野県北安曇郡白馬村和田野,0261-72-5001,,丸山さん,FALSE
1103,0,株式会社山上丸山商店,3998303,長野県安曇野市穂高6032-2,0263-82-2045,0263-82-3757,丸山康冨,FALSE
1104,0,中華料理　楓林,3900827,長野県松本市出川３－１０－２０,0263-26-7865,,林　富美男,FALSE
1105,0,信越ビル美装株式会社,3901241,長野県松本市新村２３２２－７,0263-40-3880,0263-40-3891,宮本所長,FALSE
1106,0,株式会社ヤマシタコーポレーション松本営業所,3900841,長野県松本市渚１－１－１０,0263-26-1000,0263-26-1428,小泉所長代理,FALSE
1107,0,株式会社サンプロ,3990701,長野県塩尻市広丘吉田６６２－９,0263-85-4636,,山本さん,FALSE
1108,0,株式会社あずみ製作所,3998205,長野県安曇野市豊科５２２８－６,0263-72-3147,,山田係長,FALSE
1109,0,株式会社マグナ・リゾート,3900303,長野県松本市浅間温泉３－３３－１０,0263-46-8222,,,FALSE
1110,0,飯沼　秀明,3990007,松本市石芝４-２-８２,,,飯沼　秀明,FALSE
1112,0,富田区長,,,0263-83-2375,,小林,FALSE
1113,0,居食房　吉亭,3900303,長野県松本市浅間温泉３－３－２,0263-46-2378,,吉沢　恵子,FALSE
1114,0,下二子町会,3990033,長野県松本市笹賀５３６０,0263-26-4535,,大坪さん,FALSE
1115,0,高木　太門,,,,,高木　太門,FALSE
1116,0,清野　富士雄,3990000,長野県松本市会田３９９２－１,0263-64-2132,,清野　富士雄,FALSE
1117,0,信越電気工事株式会社,3990006,長野県松本市野溝西２－５－２２,0263-26-4404,0263-26-4044,鳥羽社長,FALSE
1118,0,株式会社タカノ書店,3900811,長野県松本市中央１－１６－１,0263-32-0062,,高野さん,FALSE
1119,0,アルプスシャツ㈱,3900874,松本市大手１－２－４,0263-38-5181,0263-38-5182,鈴木克彦,FALSE
1120,0,丸山明男,3998301,安曇野市穂高有明１００１１－１,0263-83-7315,,丸山明男,FALSE
1121,0,リンナイ株式会社松本営業所,3900835,長野県松本市高宮東４－３,0263-25-2316,,三井さん,FALSE
1122,0,冨士クラスタ株式会社,3900863,長野県松本市白板２－３－３０,0263-33-6700,0263-33-5751,川上さん,FALSE
1123,0,田中電子,3998501,北安曇郡松川村細野5651-64,0261-62-0054,0261-62-0054,田中利二,FALSE
1124,0,大恵山無量寺,3990000,長野県松本市会田３１１１,0263-64-2481,,熊谷　道応（住職）,FALSE
1126,0,熊谷歯科医院,3900875,長野県松本市城西２－１－４,0263-34-2611,,熊谷様,FALSE
1127,0,唐沢内科医院,3900875,長野県松本市城西２－２－２６,,,唐沢　博之,FALSE
1128,0,しなのポリマー株式会社　角前分室,3990702,長野県塩尻市広丘野村１８１０,,,,FALSE
1129,0,紺谷泌尿器科クリニック,3990015,長野県松本市平田西１－３１－２,0263-85-0200,0263-85-0212,紺谷先生,FALSE
1130,0,みやいりクリニック,3900831,長野県松本市井川城２－１６－１２,0263-31-3838,,宮入先生,FALSE
1131,0,有限会社松本中信防災,3990006,長野県松本市野溝西１－９－４７,0263-25-6017,,白木さん,FALSE
1132,0,宇部三菱セメント㈱松本サービスステーション,3990014,松本市平田東１-２０-８,0263-25-6610,,鳴澤光一,FALSE
1133,0,岩原歯科医院,3900815,長野県松本市深志２－２－５,0263-38-7730,,岩原先生,FALSE
1134,0,長野県信用農業協同組合連合会　中信支店,3900815,長野県松本市深志１－４－１,0263-35-3135,0263-35-2721,神林さん,FALSE
1135,0,望月地所株式会社,3900811,長野県松本市中央２－６－２,0263-31-2123,,望月一将（専務）,FALSE
1136,0,日陸不動産,3900828,長野県松本市庄内３－２－１０,0263-28-7118,0263-28-7119,竹内社長,FALSE
1137,0,株式会社三栄産業,3990005,長野県松本市野溝木工１－８－３６,0263-27-2828,0263-27-2720,金原　秀男社長,FALSE
1138,0,株式会社ミナトヤ,3990742,塩尻市大門泉町13-10,0263-52-3131,,葛原守久,FALSE
1139,0,ＮＰＯ法人　アルウィズ,3998102,長野県安曇野市三郷温３３９９－３,0263-77-9290,0263-77-9299,安澤さん,FALSE
1140,0,松島電気工事株式会社,3900846,長野県松本市南原１－１９－５,0263-25-2335,0263-25-2945,社長,FALSE
1141,0,安曇野市役所（堀金地域）,3998205,長野県安曇野市豊科４９３２－４６,0263-71-2000,0261-71-5000,契約管財課　木村　行男,FALSE
1142,0,穂高ハートクリニック,3998301,長野県安曇野市穂高有明9394-1,0263-50-6731,0263-50-6732,太田院長,FALSE
1143,0,関東農政局中信平二期農業水利事業,3900852,長野県松本市島立２１６７－５,0263-40-5521,,水野さん,FALSE
1144,0,社会医療法人財団慈泉会　相澤病院,3900814,長野県松本市本庄２－５－１,0263-33-8600,0263-33-8881,施設・設備グループ　瀧川さん,FALSE
1145,0,有限会社中信保健企画,3900817,長野県松本市巾上１０－５,0263-35-7347,0263-37-5562,赤坂専務,FALSE
1146,0,株式会社テイクアイ,3900852,長野県松本市島立３９９８－７,0263-40-0166,02633-40-0168,百瀬　社長,FALSE
1147,0,島崎　義晴,3900831,長野県松本市井川城３－２－６,0263-26-0179,,島崎　義晴,FALSE
1148,0,阿南自動車株式会社　豊科営業所配送センター,3998201,長野県安曇野市豊科南穂高６２７,0263-73-6100,0263-73-6111,山谷さん,FALSE
1149,0,有限会社勝野木工,3998601,長野県北安曇郡池田町池田２７１３－４８,0261-62-4010,,勝野社長,FALSE
1150,0,ユニキャリア健康保険組合穂高山荘,3998301,長野県安曇野市穂高有明８７７－８２,0263-83-4240,0263-84-4525,中田さん,FALSE
1151,0,大同生命保険株式会社,1050022,東京都港区海岸１－２－３汐留芝離宮ビルディング,03-3434-7460,03-3434-9049,不動産部,FALSE
1152,0,唐沢歯科医院,3901131,長野県松本市今井８０９０－２,,,,FALSE
1153,0,環境未来株式会社,3900814,長野県松本市本庄１－１－１３,0263-37-1977,0263-37-1965,青山部長,FALSE
1154,0,武田　好兼,3900831,長野県松本市井川城２－３－４１,,,武田　好兼,FALSE
1155,1,株式会社トーヨータイヤジャパン　諏訪営業所,3901242,長野県松本市和田南西原３９６７－２６,0263-48-4114,0263-48-4116,望月部長,FALSE
1156,0,株式会社トーヨータイヤジャパン　長野営業所,3800911,長野市大字稲葉２５５５-２,026-227-0334,,,FALSE
1157,0,株式会社トーヨータイヤジャパン　伊那営業所,3960022,伊那市御園９５－１,0265-78-6894,,,FALSE
1158,0,株式会社トーヨータイヤジャパン　飯田営業所,3950151,飯田市北方１７７－１,0265-24-3318,,,FALSE
1159,0,後藤　和子,3900221,長野県松本市里山辺１５９０－３,0263-36-2852,,後藤　和子,FALSE
1160,0,株式会社京屋松本店,3990005,長野県松本市野溝木工１－２－３１,0263-26-8651,,山川さん,FALSE
1161,0,株式会社アイ・トピア,3980002,長野県大町市大町２９５９－４,0261-26-4008,0261-26-4008,酒井店長,FALSE
1162,1,ＦｕｎＳｐａｃｅ株式会社,1510053,東京都渋谷区代々木2-18-3,03-5333-5285,03-5333-5286,事業企画部　小林課長,FALSE
1163,0,ヤマカ精工株式会社,3990033,長野県松本市笹賀５６５２－１００,0263-25-0881,0263-26-6777,百瀬社長,FALSE
1164,0,曹洞宗　天久山　自性院,3900822,長野県松本市神田１－２４－１６,0263-26-0399,,鳥羽　弘純,FALSE
1165,0,荒井　民男,3900304,長野県松本市大村３１１,0263-46-1815,,荒井　民男,FALSE
1166,0,株式会社サトウ,3990006,長野県松本市野溝西２－１１－２４,0263-29-2310,0263-29-1310,工場長,FALSE
1167,0,丸山　正登,3901243,長野県松本市神林１９６７－４,0263-58-0331,,丸山　正登,FALSE
1168,0,合名会社千筋屋,3900828,松本市庄内２-５-３７,0263-26-4836,,西口賢一,FALSE
1169,0,伊那宝石株式会社,3960021,長野県伊那市伊那５０５６－１,0265-72-2249,,松村　稔,FALSE
1170,0,ヤシマモータース,3900805,長野県松本市清水１－２－１１,0263-32-2324,0263-32-2390,岡里社長,FALSE
1171,0,相互金属株式会社,3901242,長野県松本市和田南西原３９６７－４０,0263-47-9660,0263-47-9663,大村所長,FALSE
1172,0,輿　司郎,3900812,長野県松本市県１－３－５,0263-32-9876,,輿　司郎,FALSE
1173,0,株式会社シンコー,3998204,長野県安曇野市豊科高家６６６１－１,0263-72-8933,,鶴見社長,FALSE
1174,0,小口　俊二,3900221,長野県松本市里山辺３７９９－１,0263-35-0607,,小口　俊二,FALSE
1175,0,秋山　誠,3900306,長野県松本市南浅間５０６－３,090-4461-4869,,秋山　誠,FALSE
1177,0,しなの液酸株式会社本社工場,3990000,長野県松本市梓川倭４０００－１,0263-76-1248,,木下工場長,FALSE
1178,0,有限会社フィオーレ福祉会,3892253,長野県飯山市飯山１９３,0269-81-3315,,吉田副施設長（女性）,FALSE
1179,0,株式会社マイステージ,3990033,松本市笹賀5652-24,0263-28-7799,0263-28-3316,走川昌明,FALSE
1180,0,墨の芸術館　淡香苑,3990000,松本市波田６３１,0263-92-2855,,牛丸あつ子,FALSE
1181,0,ブリヂストンタイヤ長野販売株式会社,3990031,長野県松本市芳川小屋７番地６,0263-88-3355,0263-88-3759,寺畑課長,FALSE
1182,0,綜警ビルサービス株式会社,1050003,東京都港区西新橋１－１７－８須田ビル４Ｆ,03-5510-2031,03-3504-3521,業務課　戸門さん,FALSE
1183,0,有限会社ムラカミ,3900811,長野県松本市中央１－１１－２５,0263-36-7052,,村上社長,FALSE
1184,0,エンパイヤ自動車株式会社,3990006,長野県松本市野溝西１－１０－２２,0263-25-4601,0263-25-4618,田中所長,FALSE
1185,0,独立行政法人水資源機構愛知用水総合管理所,4700151,愛知県愛知郡東郷町大字諸輪字片平２５－２５,0561-39-5460,0561-39-5464,総務　堀口さん,FALSE
1186,0,有限会社サンデン精機,3998202,長野県安曇野市豊科光１６８２－１,0263-71-4012,0263-73-8324,塩原社長,FALSE
1187,0,折井　源治,3900805,長野県松本市清水２－６－２０,0263-36-4852,,折井　源治,FALSE
1188,0,田中製氷冷凍株式会社,3990004,長野県松本市市場９－３０,0263-25-3103,,吉沢工場長,FALSE
1189,0,大泉寺,3970101,長野県木曽郡木曽町三岳６３５３,0264-46-2064,,小島　宗徳,FALSE
1190,0,株式会社オーヤマ精工,3998302,長野県安曇野市穂高北穂高１７１７－１,0263-81-1881,,大熊社長,FALSE
1191,0,けやき歯科,3998211,長野県安曇野市堀金烏川５０２８－１,0263-72-7272,,先生,FALSE
1192,0,パインヒル　松沢今朝美,3900312,長野県松本市岡田松岡１６３－４,0263-46-2143,,松沢今朝美,FALSE
1193,0,吉田　誠,3900221,長野県松本市里山辺３１９９－６,0263-35-4423,,吉田　誠,FALSE
1194,0,ＳＡＮ一日市場新聞販売,3998101,長野県安曇野市三郷明盛４５３８,0263-77-8787,0263-77-8785,矢崎代表,FALSE
1195,0,松田工業,3998103,長野県安曇野市三郷小倉１２１７－２,0263-76-4147,,,FALSE
1196,0,株式会社日本ケーブル,3812246,長野県長野市丹波島３,026-241-2833,,秋葉さん,FALSE
1197,0,明科北村集会場,3997103,長野県安曇野市明科光２６６,0263-62-2781,,宮嶋様,FALSE
1198,0,株式会社安曇野肉のマルト,3998301,長野県安曇野市穂高有明１００１１－１,0263-83-7222,0263-83-7229,望月相談役,FALSE
1199,0,田中　喜佐登,3900305,長野県松本市惣社５１２,0263-35-0307,,田中　喜佐登,FALSE
1200,0,松物商事有限会社,3901301,長野県東筑摩郡山形村４０８７－１,0263-97-3161,,北原社長,FALSE
1201,0,井門泌尿器科医院,3900852,長野県松本市島立１１２０－１８,0263-48-2455,0263-47-3951,井門院長,FALSE
1202,0,穂高エルピーガス事業協同組合,3998303,長野県安曇野市穂高５６８４－３,0263-82-3506,,アイダエナジー本社,FALSE
1203,0,有限会社宮坂電子,3998101,長野県安曇野市三郷明盛２３９６,0263-76-4310,0263-76-4311,丸山さん,FALSE
1204,0,コーポ　フルマヤ,3990705,長野県塩尻市広丘堅石８１９－１,0263-52-2233,,古厩　進,FALSE
1205,0,野口公民館,3901131,長野県松本市今井６１１３－５,0263-59-2865,,桜井様,FALSE
1206,0,千代田ハイツ　　土屋　伊久雄,3900814,長野県松本市本庄２－１０－１１,0263-32-0906,,土屋　伊久雄,FALSE
1207,0,有限会社みやにし,3998303,長野県安曇野市穂高３５８０－１,0263-82-6820,0263-82-2811,水口社長,FALSE
1208,0,長野県機械金属健康保険組合,3900874,長野県松本市大手３－６－２０,0263-32-1878,0263-33-4124,鳥羽事務長,FALSE
1209,0,Ｍ＆Ｍサービス株式会社,3998301,長野県安曇野市穂高有明１４７０－３,0263-87-3642,0263-87-3643,新田主任,FALSE
1210,0,有限会社しなの総合開発,3990746,長野県塩尻市大門並木町６００－２,0263-52-5882,,岩佐社長,FALSE
1211,0,医療法人　道悠会　,3990006,長野県松本市野溝西２－３－１６,0263-28-5500,0263-28-5625,施設田中さん,FALSE
1212,0,名糖運輸株式会社,1800006,東京都武蔵野市中町２－４－５,0422-54-8801,0422-56-1782,営業企画課　別府係長,FALSE
1213,0,有限会社南木曽電気商会,3995602,長野県木曽郡上松町本町通り４－１０,0264-52-2247,,寺田さん,FALSE
1214,0,リゾートハウス　クラーレット,3998305,長野県安曇野市穂高牧２３５４－１,0263-83-5515,,社長,FALSE
1216,0,ホテル大手（太田　美保子）,3990000,長野県松本市波田７１４,0263-92-2764,,太田　美保子,FALSE
1217,0,丸大食品株式会社穂高保養所,3998305,長野県安曇野市穂高牧２２３０－４,090-9397-9188,,矢下さん　,FALSE
1219,0,あおぞら産婦人科,3998204,長野県安曇野市豊科高家４９１５,0263-71-4915,050-7577-4125,院長,FALSE
1221,0,上野　晴信,2770084,千葉県柏市新柏１－１８新柏住宅４－８０５,04-7164-1600,,上野　晴信,FALSE
1222,0,有限会社大創笹澤,3840043,長野県小諸市諸字宮司３０３,0267-26-0322,0267-26-0322,笹澤社長,FALSE
1223,0,株式会社名鉄企画,3900837,長野県松本市鎌田２－８－１０,0263-28-1475,0263-28-1476,岩本さん,FALSE
1224,0,株式会社クラヤシキ製作所,3990702,長野県塩尻市広丘野村角前工業団地１８０６,0263-54-4775,0263-52-8571,小松社長,FALSE
1229,0,株式会社オフィスＹｏｕ,3900221,松本市里山辺１５２５-５,0263-88-8819,,近藤　三平,FALSE
1230,0,浄土宗　林昌寺,3900806,長野県松本市女鳥羽１－９－１,0263-32-1163,,川上住職,FALSE
1231,0,株式会社イトウ,3998303,長野県安曇野市穂高４４８６－８,0263-82-2018,0263-82-7958,小宮山さん,FALSE
1232,0,株式会社高原ベジフル,3901101,長野県東筑摩郡朝日村西洗馬１１８５－１,0263-99-3752,0263-99-3754,白井社長,FALSE
1233,0,医療法人つづく歯科医院,3990701,長野県塩尻市広丘吉田２９０２－９,0263-86-3388,,都築先生,FALSE
1234,0,株式会社キコウ,3998305,長野県安曇野市穂高牧４５４－１,0263-83-7069,,中嶋社長,FALSE
1235,0,株式会社　峯建工,3990701,長野県塩尻市広丘吉田３８４－２,0263-86-7772,0263-86-7773,北澤社長,FALSE
1236,0,株式会社テトラ,3990736,長野県塩尻市大門一番町９－１５,0263-31-5013,0263-31-5117,澤田社長,FALSE
1237,0,株式会社　雪村,3900303,長野県松本市浅間温泉３－２０－３９,0263-46-3137,,雪村施設長,FALSE
1238,0,株式会社ﾊｰｳﾞｪｽﾀ･ｸﾘｴｰｼｮﾝｽﾞ,3980002,長野県大町市大町２６８３－１,0261-85-5555,0261-85-5411,高橋支配人,FALSE
1239,0,藤田金属株式会社松本コイルセンター,3901242,長野県松本市和田３９６７－３８,0263-47-9555,,古沢さん,FALSE
1240,0,社会福祉法人国際保健支援会,3900821,長野県松本市筑摩３－１５－３１,0263-29-1210,,,FALSE
1241,0,有限会社寿昇運,3990025,長野県松本市寿台６－１２－１１,0263-58-9334,0263-58-9332,赤羽　昇,FALSE
1242,0,株式会社寿バイオ,3990701,長野県塩尻市広丘吉田６７０－１,0263-58-9334,0263-58-9332,赤羽　時江,FALSE
1243,0,村瀬　泰子,3900303,長野県松本市浅間温泉３－２０－２１,0263-46-0451,,村瀬　泰子,FALSE
1244,0,有限会社宗明会,3998211,長野県安曇野市堀金烏川１３４４－３,0263-88-3550,,山田社長,FALSE
1245,0,株式会社銀乃扇,3810031,長野県長野市西尾張部１０８９－８,026-225-9811,026-225-9815,小嶋施設長,FALSE
1246,0,山口　富士子,3900874,長野県松本市大手２－６－２０,0263-32-9328,,山口　富士子,FALSE
1247,0,有限会社桝匠　波田営業所,3990000,長野県松本市波田２９５１－２５,0263-50-8986,,奥原社長,FALSE
1248,0,株式会社日伸音波製作所,3900811,長野県松本市中央１－１０－３４－３０２,0263-33-8545,0263-33-8546,管財課　松田課長,FALSE
1249,0,ハヤシコーポレーション,3900828,長野県松本市庄内２－６－１２,0263-32-5757,,林さん,FALSE
1250,0,朝日生命保険相互会社,3900815,長野県松本市深志１－１－２,0263-33-8301,0263-36-9236,総務部長,FALSE
1251,0,白馬山麓環境施設組合,3999301,長野県北安曇郡白馬村北城９３０５－１,0261-72-3312,0261-72-3313,,FALSE
1252,0,株式会社伊藤商店,3800915,長野県長野市稲葉上千田１９７－２,026-224-5971,,高村社長,FALSE
1253,0,新井　悟,3900804,長野県松本市横田３－６－１２,090-8943-1505,,新井　悟,FALSE
1254,0,焼肉　海州,3900832,長野県松本市南松本１－３－１０,0263-29-3939,,呉　敏郎,FALSE
1255,0,中島不動産,3990025,長野県松本市寿台６－８－１４,0263-87-7170,0263-87-7180,中島社長,FALSE
1256,0,株式会社大新建設,3900852,長野県松本市島立３５８９,0263-47-0477,,新井社長,FALSE
1257,0,有限会社共和技研,3990031,長野県松本市芳川小屋４５１,0263-86-6640,0263-86-6642,白尾社長,FALSE
1258,0,久保田　宗孝,3900303,長野県松本市浅間温泉３－２２－３４,0263-46-2530,,久保田　宗孝,FALSE
1259,0,ゆり産婦人科医院,3990027,長野県松本市寿南１－２３－４,0263-85-0555,0263-85-0666,院長,FALSE
1260,0,株式会社ＡＢＣ,4228076,静岡県静岡市八幡５－２６－２１,054-281-4798,054-284-6644,西藤係長,FALSE
1261,0,株式会社公園通り,3810084,長野県長野市若槻東条１１７４－２,026-262-1969,,藤丸社長,FALSE
1262,0,安曇野警察署,3998205,長野県安曇野市豊科５７０４－２,0263-72-0110,,会計課根橋さん,FALSE
1263,0,有限会社エス・エヌ,3900805,長野県松本市清水１－５－１３,0263-85-1195,,服部社長,FALSE
1264,0,宮川きのこ工場,3997501,長野県東筑摩郡本城村西条１７３２,0263-66-2727,,宮川　恵,FALSE
1265,0,月の蕎麦,3900314,長野県松本市岡田伊深６２９,0263-46-4787,,西村　健三,FALSE
1266,0,サンライフ伊藤,3900805,長野県松本市清水１－８－２,0263-35-9228,,伊藤　千代美,FALSE
1267,0,クボタパルデンス,3990000,長野県松本市野溝東１－６－１８,0263-26-0888,,窪田　智美,FALSE
1268,0,株式会社エコホーム夢来,3990000,長野県松本市村井町南３－４－２,0263-58-2421,0263-58-4297,協伸電業（百瀬氏）,FALSE
1269,0,長野県貨物株式会社,3901301,長野県東筑摩郡山形村５５８３－１,0263-98-3963,0263-98-3967,大野田社長,FALSE
1270,0,ヨコタインターナショナル株式会社　長野支店,3812215,長野県長野市稲里町中氷鉋４１５－１,026-284-1781,026-286-2494,支店長,FALSE
1271,0,株式会社東環エナジー,1710014,東京都豊島区池袋２－４２－６,03-5391-4456,03-5391-4434,長澤さん,FALSE
1272,0,株式会社エムエーシー,3990000,長野県松本市波田４３１１－１,0263-92-4035,0263-92-4604,百瀬社長,FALSE
1273,0,太洋白馬ハイツ,3999301,長野県北安曇郡白馬村北城５８２３－１,0261-72-4125,,塩島さん,FALSE
1274,0,白馬アルプスホテル,3999422,長野県北安曇郡小谷村千国乙,0261-82-2811,0261-82-2823,支配人,FALSE
1275,0,南信酪農業協同組合,3900837,長野県松本市鎌田２－１－１,0263-25-1700,,,FALSE
1276,0,有限会社中部防災,3990745,長野県塩尻市大門桔梗町４－１０,0263-52-2625,0263-87-4611,粟倉社長,FALSE
1278,0,明盛電子工業,3998101,長野県安曇野市三郷明盛２９６４－１,0263-87-8120,0263-87-8121,梅田さん,FALSE
1279,0,赤津　誠内,3990701,長野県塩尻市広丘吉田１６３５,0263-57-2192,,赤津　誠内,FALSE
1280,0,新生テクノス株式会社,3970001,長野県木曽郡木曽福島町１９５０－１,0264-24-3620,0264-24-3626,所長,FALSE
1281,0,大栄産業株式会社,3990000,長野県松本市波田２９５１－３７,0263-92-5051,,羽山さん,FALSE
1282,0,野澤区長,3998102,長野県安曇野市三郷温７８９－２,0263-77-6374,,松村　浄,FALSE
1283,0,三共管理,3996461,長野県塩尻市宗賀２８６１,0263-31-5875,0263-31-5874,代表　大槻さん,FALSE
1284,0,株式会社日伸音波製作所.,3900851,長野県松本市島内４１７２－１,0263-40-1400,0263-40-1410,大熊部長,FALSE
1285,0,株式会社県設計,3900813,長野県松本市埋橋１－１－６,0263-36-5537,,品澤さん,FALSE
1286,0,辻　喜夫,3900872,長野県松本市北深志３－６－２,0263-48-0092,,辻　喜夫,FALSE
1287,0,シンコール株式会社松本営業所,3990033,長野県松本市笹賀７６００－３２,0263-86-5000,0263-86-5711,岩井所長,FALSE
1288,0,宮島耳鼻咽喉科医院,3998205,長野県安曇野市豊科４９２７－２,0263-72-2424,0263-72-9343,宮島先生,FALSE
1289,0,深井　壽一,3900303,長野県松本市浅間温泉２－２－４０,0263-46-1006,,深井　壽一,FALSE
1290,0,株式会社　酒楽,3900811,長野県松本市中央１－４－２,0263-35-3766,,磯尾社長,FALSE
1291,0,株式会社アルプスウェイ　長野センター,3870007,長野県千曲市屋代中島３０７５－１,026-273-8250,026-272-7691,野嶋所長,FALSE
1292,0,株式会社エーワンオートイワセ　本社サービスセンター,3900833,長野県松本市双葉１８－２,0263-27-2269,,岩瀬社長,FALSE
1293,0,太田皮膚科クリニック,3998211,長野県安曇野市堀金烏川５０２６－６,0263-31-6363,,事務　太田さん,FALSE
1294,0,波田２３区町会長,3990000,長野県松本市波田１０１３１－１,0263-92-3059,,加藤　明,FALSE
1295,0,株式会社セキュリティハウス・プロ,4870034,愛知県春日井市白山町３－１７－９,0568-53-0033,0568-53-0039,梶間さん,FALSE
1296,0,山本耳鼻咽喉科,3998303,長野県安曇野市穂高９８４－２,0263-82-7525,,山本先生,FALSE
1297,0,三沢医院,3900812,長野県松本市県２－４－７,0263-32-6706,,三沢さん,FALSE
1298,0,株式会社安曇野ミネラルウォーター,3998301,長野県安曇野市穂高有明５９４５－１００,0263-88-8810,,松山さん,FALSE
1299,0,株式会社エム・ケー・ケー.,3900851,長野県松本市島内３４４３－１３,0263-47-9955,0263-47-0514,藤巻社長,FALSE
1300,0,久保田建設工業株式会社,3997702,長野県東筑摩郡麻績村日５１１３,0263-67-2080,,久保田さん,FALSE
1301,0,株式会社　山都,3998501,長野県北安曇郡松川村２２７５－１,0261-85-5840,,石田社長,FALSE
1302,0,あづみ野建設労働組合,3998212,長野県安曇野市堀金三田９２８－１,0263-72-2744,,,FALSE
1303,0,有限会社ニチボ,3997702,長野県東筑摩郡麻績村日１０４６,0263-67-4570,0263-67-4540,勝野,FALSE
1304,0,腰原　実,3900807,長野県松本市城東１－４－１０,,,腰原　実,FALSE
1305,0,小林　美代子,3998205,長野県安曇野市豊科２１４２,0263-72-0934,,小林　美代子,FALSE
1306,0,株式会社Ｃａｐｒｉｃｉｏｕｓ・ｔ・ｃ,3998201,長野県安曇野市豊科南穂高２７１－１４,0263-73-0408,,百瀬社長,FALSE
1307,0,寿小池町会,3990024,長野県松本市寿小赤,,,町会長,FALSE
1308,0,寺沢　昭,3900303,長野県松本市浅間温泉１－１６－１６,0263-46-5105,,寺沢　昭,FALSE
1309,0,株式会社創生環ライフケアサポート,3920016,長野県諏訪市豊田１０１－１,0266-57-4422,0266-57-4426,伊藤社長,FALSE
1310,0,木口　光芳,3990000,長野県松本市安曇稲核３３６５－１,0263-94-2825,,木口　光芳,FALSE
1311,0,株式会社マルミ,3800852,長野県長野市東之門町３９２－１,026-248-7558,026-248-7558,宮澤社長,FALSE
1312,0,株式会社創友,3998303,長野県安曇野市穂高４４６８－１,0263-50-7118,0263-50-7119,,FALSE
1313,0,東洋計器株式会社,3901242,長野県松本市和田３９６７－１０,0263-48-1121,0263-48-1130,松下課長,FALSE
1314,0,株式会社イーシーシー,3998303,長野県安曇野市穂高８６１８－１１,0263-82-1616,,社長,FALSE
1315,0,三沢　秀昭,3998101,長野県安曇野市三郷明盛３２９,0263-77-3729,,三沢　秀昭,FALSE
1316,0,レストラン　ポム,3901241,松本市新村１９４３-１,0263-47-7730,,原田　和定,FALSE
